time periods,acceptance ratio,revenue cost ratio,node utilization,total utilization,link utilization,profitability
0,1.0,0.6970281744500193,0.061875,0.09320143884892086,0.10257009345794392,0.6970281744500193
50,1.0,0.6842570103775668,0.113125,0.1629136690647482,0.177803738317757,0.6842570103775668
100,1.0,0.6558884603975081,0.1565625,0.24251798561151078,0.26822429906542056,0.6558884603975081
150,1.0,0.6571107363687465,0.20625,0.31996402877697844,0.35397196261682246,0.6571107363687465
200,1.0,0.6373762376237624,0.271875,0.43597122302158275,0.4850467289719626,0.6373762376237624
250,1.0,0.6254972021843187,0.311875,0.503273381294964,0.5605140186915888,0.6254972021843187
300,1.0,0.61693428926942,0.3515625,0.5767985611510792,0.6441588785046729,0.61693428926942
350,0.96875,0.613844550490922,0.3746875,0.6157553956834533,0.6878504672897197,0.5946619082880807
400,0.9459459459459459,0.601405083670781,0.38125,0.6089928057553957,0.6771028037383178,0.5688967007696577
450,0.926829268292683,0.604992587633303,0.400625,0.6238848920863309,0.6906542056074766,0.5607248373186711
500,0.8888888888888888,0.6050100858469766,0.4065625,0.6308273381294964,0.6978971962616822,0.5377867429750902
550,0.84,0.593685414009938,0.4009375,0.6469784172661871,0.7205607476635514,0.4986957477683479
600,0.8333333333333334,0.5953314022831828,0.4225,0.6702877697841727,0.744392523364486,0.49610950190265235
650,0.8103448275862069,0.5795624458959628,0.3696875,0.6183812949640288,0.6927570093457944,0.46964543029500433
700,0.819672131147541,0.577259475218659,0.3515625,0.5951438848920864,0.6679906542056074,0.4731635042775893
750,0.8181818181818182,0.5809562618853572,0.385,0.6204676258992806,0.6908878504672897,0.4753278506334741
800,0.8142857142857143,0.5764001294917449,0.3678125,0.6152517985611511,0.6892523364485982,0.4693543911575637
850,0.7972972972972973,0.5716520458867554,0.3803125,0.6469064748201439,0.7266355140186916,0.4557766311799807
900,0.8051948051948052,0.5678725136675584,0.3840625,0.6278057553956835,0.7007009345794393,0.45724799801803406
950,0.7926829268292683,0.5693118677874341,0.4015625,0.6384892086330936,0.7093457943925233,0.45128379763638077
1000,0.7701149425287356,0.5671007691666898,0.4125,0.6598920863309352,0.7338785046728972,0.4367327762548071
1050,0.7692307692307693,0.5676967360017379,0.4271875,0.6684892086330936,0.7406542056074766,0.4366897969244138
1100,0.7578947368421053,0.56320591351994,0.3834375,0.6238848920863309,0.6957943925233645,0.4268507976151124
1150,0.76,0.5622325029069049,0.3796875,0.639568345323741,0.7172897196261683,0.4272967022092477
1200,0.7619047619047619,0.5451902866598095,0.3825,0.6864388489208633,0.7773364485981309,0.41538307555033105
1250,0.7614678899082569,0.548675702010807,0.395,0.6528057553956834,0.7299065420560747,0.4177989290541007
1300,0.7699115044247787,0.5527760961688143,0.349375,0.5545323741007194,0.6158878504672897,0.425588675811388
1350,0.7777777777777778,0.5480163219133808,0.378125,0.6440647482014389,0.7235981308411215,0.4262349170437406
1400,0.7768595041322314,0.5503262804034013,0.3665625,0.6379856115107914,0.7191588785046729,0.42752620130512164
1450,0.7857142857142857,0.5478554630631975,0.363125,0.6280215827338129,0.7072429906542056,0.4304578638353695
1500,0.7769230769230769,0.5494645730455529,0.36625,0.6082374100719424,0.680607476635514,0.4268917067507757
1550,0.7686567164179104,0.545258929852245,0.3628125,0.6435971223021583,0.7275700934579439,0.4191169386177704
1600,0.7737226277372263,0.5460909743248683,0.3840625,0.6502877697841727,0.7299065420560747,0.4225229436382193
1650,0.7605633802816901,0.5450726203336934,0.3815625,0.6664388489208634,0.7516355140186916,0.4145622746199922
1700,0.7586206896551724,0.5442846328538986,0.3853125,0.6809712230215827,0.7693925233644859,0.4129055835443369
1750,0.7666666666666667,0.5492196283314595,0.3978125,0.6941007194244604,0.7827102803738317,0.4210683817207857
1800,0.7612903225806451,0.5399433873250511,0.40625,0.7230215827338129,0.8177570093457944,0.41105367551197436
1850,0.7610062893081762,0.5384969678360328,0.374375,0.6696402877697841,0.7579439252336448,0.40979957929660366
1900,0.7621951219512195,0.5378132458233891,0.3953125,0.6906474820143885,0.7789719626168224,0.40991863248733923
1950,0.7514792899408284,0.5363323832750566,0.383125,0.6840647482014388,0.7740654205607477,0.4030426785558118
2000,0.75,0.537153193103247,0.384375,0.6866906474820144,0.7771028037383177,0.40286489482743526
2050,0.7457627118644068,0.537746170678337,0.400625,0.6873741007194245,0.7731308411214953,0.4010310425397767
2100,0.7388888888888889,0.5381154997779402,0.4015625,0.6935251798561151,0.7808411214953271,0.3976075637248114
2150,0.7351351351351352,0.5395453452348955,0.40125,0.6729496402877698,0.7542056074766356,0.39663874028078805
2200,0.7287234042553191,0.5393758244225534,0.3584375,0.6039208633093525,0.6773364485981308,0.3930557869462224
2250,0.7329842931937173,0.5401479857495204,0.369375,0.5749640287769784,0.6364485981308411,0.39591998955462226
2300,0.7346938775510204,0.5356447672671691,0.4046875,0.6784172661870503,0.7602803738317757,0.3935349310534304
2350,0.7386934673366834,0.5371411583750177,0.4034375,0.6551079136690647,0.7303738317757009,0.3967826647292845
2400,0.7376237623762376,0.5330967774522679,0.3921875,0.6656474820143885,0.7474299065420561,0.3932248506949897
2450,0.7246376811594203,0.5321238661244917,0.3915625,0.6737769784172661,0.758177570093458,0.38559700443803746
2500,0.7251184834123223,0.5339014726769828,0.3725,0.6474460431654676,0.7296728971962617,0.3871418261591392
2550,0.7268518518518519,0.5336027559007194,0.361875,0.6178417266187051,0.694392523364486,0.3878501512796895
2600,0.730593607305936,0.5318674577990634,0.3859375,0.6755395683453237,0.7621495327102804,0.38857896460205543
2650,0.7276785714285714,0.5290906578220012,0.3634375,0.6606474820143885,0.7495327102803738,0.3850079340401169
2700,0.7224669603524229,0.5271159518947129,0.3684375,0.687158273381295,0.7824766355140187,0.3808238595186472
2750,0.70995670995671,0.5271159518947129,0.3471875,0.6529496402877698,0.744392523364486,0.37422950697286983
2800,0.711864406779661,0.529190520569831,0.35,0.621043165467626,0.7021028037383178,0.37671189599886273
2850,0.7071129707112971,0.5287148969871632,0.338125,0.6192086330935251,0.7032710280373832,0.37386116146791043
2900,0.7066115702479339,0.5274758617700285,0.3328125,0.6399280575539569,0.7317757009345794,0.37272054695320195
2950,0.710204081632653,0.5270852160969646,0.33125,0.587589928057554,0.6642523364485982,0.37433807184029316
3000,0.7137096774193549,0.5288077158992365,0.298125,0.5276258992805756,0.5962616822429907,0.37741518433130994
3050,0.7131474103585658,0.527357247361813,0.31,0.5609352517985612,0.6359813084112149,0.3760834552898985
3100,0.7176470588235294,0.530000705780341,0.305,0.49989208633093524,0.5581775700934579,0.38035344767765644
3150,0.7209302325581395,0.5309385216489914,0.3278125,0.5367985611510792,0.5992990654205608,0.3827696318864821
3200,0.7241379310344828,0.5303902377265511,0.3565625,0.6056474820143884,0.6801401869158878,0.3840756893881922
3250,0.7196969696969697,0.5316120650371821,0.3721875,0.6221942446043165,0.6969626168224299,0.38259959226160833
3300,0.7228464419475655,0.5284389211153412,0.401875,0.7009712230215828,0.7904205607476635,0.3819801939148346
3350,0.7222222222222222,0.5291308048803556,0.3809375,0.6573021582733813,0.7399532710280374,0.38215002574692347
3400,0.718978102189781,0.5285786356247314,0.3753125,0.6721942446043165,0.7609813084112149,0.38003646429953314
3450,0.7132616487455197,0.5295174609676849,0.365,0.6435611510791367,0.7268691588785047,0.3776844972493523
3500,0.7127659574468085,0.5282179262507913,0.3671875,0.6732014388489208,0.7647196261682243,0.37649575594471296
3550,0.712280701754386,0.5282710831353058,0.355625,0.615863309352518,0.6936915887850468,0.3762772978121652
3600,0.7152777777777778,0.5276011329022604,0.3378125,0.6466546762589928,0.7390186915887851,0.3773813658953668
3650,0.708904109589041,0.5278279195084431,0.3365625,0.6314388489208633,0.719626168224299,0.3741793812953689
3700,0.7128378378378378,0.523887448646507,0.340625,0.6532374100719425,0.7467289719626168,0.37344679616355736
3750,0.717607973421927,0.5216195951012247,0.338125,0.6544604316546763,0.7490654205607477,0.37431838053775596
3800,0.7189542483660131,0.5203808560285886,0.345,0.6887769784172662,0.791588785046729,0.3741300272100964
3850,0.7129032258064516,0.5208929313675151,0.3159375,0.650431654676259,0.7504672897196262,0.3713462510716801
3900,0.7156549520766773,0.5221711295983361,0.2978125,0.5773741007194244,0.6609813084112149,0.3736943547285217
3950,0.7183544303797469,0.5229656649967743,0.3153125,0.6132374100719424,0.7023364485981308,0.37567470238692335
4000,0.7165109034267912,0.5207690148751053,0.33375,0.659568345323741,0.7570093457943925,0.3731366773248418
4050,0.7138461538461538,0.519908311401647,0.33625,0.6759712230215827,0.7775700934579439,0.3711345484467141
4100,0.7142857142857143,0.5197006602631861,0.335625,0.674748201438849,0.7761682242990654,0.3712147573308472
4150,0.7147147147147147,0.5203100351899042,0.3628125,0.6989928057553957,0.7995327102803739,0.3718732383639555
4200,0.7159763313609467,0.5208013717173541,0.3796875,0.6931654676258993,0.7869158878504673,0.3728814554899399
4250,0.7105263157894737,0.5198777216669414,0.3865625,0.7109352517985611,0.8079439252336449,0.3693868022370373
4300,0.708092485549133,0.5206753629443324,0.358125,0.6619424460431654,0.752803738317757,0.36868631191144924
4350,0.7048710601719198,0.5209391570790043,0.334375,0.6219424460431655,0.7079439252336449,0.367194935935344
4400,0.7045454545454546,0.520300507973488,0.35875,0.6642446043165467,0.755607476635514,0.36657535789041207
4450,0.7014084507042253,0.519612583703313,0.3609375,0.689388489208633,0.7876168224299065,0.36446065730176036
4500,0.6972222222222222,0.520022182009223,0.355625,0.6651438848920863,0.7577102803738318,0.3625710213453194
4550,0.699724517906336,0.5207156924731652,0.3440625,0.6144604316546762,0.6953271028037383,0.36435753688204947
4600,0.7021857923497268,0.5222627842134008,0.32,0.4972302158273381,0.5502336448598131,0.3667255069476612
4650,0.706199460916442,0.5241238084365546,0.3484375,0.4983812949640288,0.5432242990654206,0.37013595097136737
4700,0.7093333333333334,0.5254299511451244,0.3909375,0.5520503597122303,0.6002336448598131,0.3727049786789416
4750,0.7131578947368421,0.526314698648686,0.4121875,0.5803237410071942,0.630607476635514,0.37534548245735233
4800,0.7168831168831169,0.5263819774989182,0.4540625,0.6417625899280576,0.6978971962616822,0.3773543527005232
4850,0.7197943444730077,0.525866378706981,0.4928125,0.7066187050359712,0.7705607476635514,0.37851564534178583
4900,0.7208121827411168,0.5254332213217369,0.513125,0.7460071942446043,0.8156542056074766,0.37873866714561744
4950,0.7185929648241206,0.5256041370360418,0.5046875,0.7336330935251798,0.8021028037383178,0.3776954351565527
5000,0.7164179104477612,0.5258921752299387,0.48125,0.6782374100719425,0.7371495327102804,0.37675857329906054
5050,0.7160493827160493,0.5256007077405899,0.4646875,0.6909712230215828,0.7586448598130842,0.376356062332768
5100,0.7139364303178484,0.522964928958332,0.465,0.7442805755395684,0.827803738317757,0.37336371456193873
5150,0.7077294685990339,0.5233787167349435,0.4640625,0.7410071942446043,0.8238317757009346,0.37041054107086585
5200,0.7033492822966507,0.5235518433399754,0.455625,0.7352877697841727,0.8189252336448598,0.3682398132582602
5250,0.6950354609929078,0.5235518433399754,0.4503125,0.7322661870503597,0.8165887850467289,0.36388709678948644
5300,0.6924882629107981,0.5208173385523517,0.4128125,0.7135611510791366,0.8035046728971963,0.3606598940679431
5350,0.6923076923076923,0.5202866936740418,0.3934375,0.7033453237410072,0.7960280373831776,0.3601984802358751
5400,0.6951501154734411,0.5194096947141514,0.39875,0.6925179856115108,0.780373831775701,0.3610677092585671
5450,0.6933638443935927,0.5199804023639648,0.3990625,0.6969064748201439,0.7859813084112149,0.3605356107924058
5500,0.6938775510204082,0.5211511578435544,0.370625,0.571115107913669,0.6310747663551401,0.3616150891159357
5550,0.6973094170403588,0.5230045877068672,0.3984375,0.5861510791366906,0.6422897196261682,0.36469602416330876
5600,0.7,0.5235362336078979,0.39875,0.5883812949640288,0.6450934579439253,0.3664753635255285
5650,0.7019867549668874,0.5243596182822702,0.37,0.5393165467625899,0.5899532710280374,0.3680935068736466
5700,0.7052401746724891,0.5256042011199118,0.395625,0.5621223021582734,0.6119158878504672,0.3706771986064007
5750,0.7077922077922078,0.5263025031698403,0.39125,0.5668705035971223,0.619392523364486,0.3725128106851467
5800,0.7066381156316917,0.526498252394078,0.4046875,0.5890287769784173,0.6441588785046729,0.37204373295513005
5850,0.7097457627118644,0.5252234619738259,0.4571875,0.6822302158273381,0.7495327102803738,0.37277512661277895
5900,0.7058823529411765,0.5253787625976106,0.42625,0.6564028776978418,0.7252336448598131,0.37085559712772515
5950,0.7035490605427975,0.5251703244618634,0.3909375,0.623273381294964,0.6927570093457944,0.36948308840010013
6000,0.7045454545454546,0.5251303246742568,0.425,0.6669064748201439,0.7392523364485981,0.3699781832932264
6050,0.704312114989733,0.5241198062596382,0.400625,0.6337769784172662,0.7035046728971963,0.3691439292547349
6100,0.7020408163265306,0.5232534305687409,0.4175,0.6779496402877698,0.7558411214953271,0.3673452655421364
6150,0.7004048582995951,0.5229348929382763,0.3953125,0.6586330935251798,0.7373831775700934,0.36626613958834736
6200,0.6981891348088531,0.5232830838749148,0.388125,0.6431294964028776,0.719392523364486,0.3653505635907353
6250,0.6952191235059761,0.5225647256952216,0.395,0.6666546762589928,0.7478971962616823,0.3632969905729728
6300,0.695049504950495,0.5225140265643792,0.3865625,0.6753237410071943,0.7616822429906542,0.36317311549326153
6350,0.6948818897637795,0.5231565876727167,0.3715625,0.6312230215827338,0.7088785046728971,0.36353203828438774
6400,0.6947162426614482,0.5233174825764685,0.355,0.6063669064748202,0.6815420560747664,0.36355715521457205
6450,0.6976744186046512,0.5239070684022196,0.3846875,0.6313669064748202,0.7051401869158879,0.36551655935038574
6500,0.6986564299424184,0.523221736921253,0.41375,0.6896762589928057,0.772196261682243,0.36555223078567384
6550,0.6958174904942965,0.5232171834288025,0.4075,0.670251798561151,0.7488317757009346,0.36406366755692343
6600,0.6949152542372882,0.522818421039289,0.41,0.6803597122302159,0.7612149532710281,0.3633144959764551
6650,0.6966292134831461,0.523176741212771,0.3925,0.6533093525179856,0.7313084112149533,0.3644602017437282
6700,0.6951672862453532,0.5198639320653523,0.386875,0.6987769784172662,0.7920560747663551,0.3613923988707096
6750,0.6913123844731978,0.5198639320653523,0.3559375,0.6592805755395683,0.75,0.3593883744777112
6800,0.6941391941391941,0.5211730706850285,0.3440625,0.5970143884892086,0.6726635514018692,0.3617666552923549
6850,0.6963636363636364,0.5204460786450991,0.37625,0.6461510791366907,0.7268691588785047,0.3624197238564963
6900,0.6980108499095841,0.5201450134874022,0.3809375,0.6594604316546763,0.7427570093457944,0.36306686294057366
6950,0.7001795332136446,0.5214656302856383,0.403125,0.6503597122302158,0.7242990654205608,0.3651195616003572
7000,0.697508896797153,0.5188729648410771,0.4053125,0.6951079136690648,0.7817757009345795,0.3619185092841677
7050,0.6973451327433628,0.5194844614630274,0.3721875,0.623273381294964,0.6983644859813084,0.3622599607370492
7100,0.698943661971831,0.5198660890479971,0.360625,0.6159352517985611,0.6922897196261683,0.3633571080141811
7150,0.7005253940455342,0.5204100480236424,0.3690625,0.6176978417266187,0.6920560747663551,0.36456045395701747
7200,0.7020905923344948,0.5210162594174472,0.38125,0.5773381294964028,0.6359813084112149,0.3658006141902983
7250,0.7046632124352331,0.521796104178758,0.41375,0.6202517985611511,0.6820093457943925,0.36769051900679317
7300,0.7054794520547946,0.5219557560291845,0.4621875,0.6936330935251799,0.7628504672897196,0.36822906076031514
7350,0.7052810902896082,0.5220367935749868,0.4496875,0.6360791366906475,0.6918224299065421,0.3681826789438578
7400,0.7055837563451777,0.5206700713216519,0.425625,0.6792805755395683,0.7551401869158878,0.3673763447396427
7450,0.7053872053872053,0.5203699808962967,0.41625,0.6789208633093525,0.7574766355140187,0.3670623265918322
7500,0.7078464106844741,0.5198397227636994,0.4109375,0.6920863309352518,0.7761682242990654,0.3679666818894967
7550,0.7052980132450332,0.52014320594296,0.40375,0.673884892086331,0.7546728971962616,0.3668559697544718
7600,0.7044334975369458,0.5210185584807941,0.3784375,0.6114028776978417,0.6810747663551402,0.3670229254322836
7650,0.7063621533442088,0.5210207516381749,0.4025,0.6840287769784172,0.7682242990654206,0.3680293400641594
7700,0.7055016181229773,0.5203529506181704,0.3921875,0.6607913669064748,0.7411214953271028,0.36710984865618496
7750,0.7041800643086816,0.520292170160036,0.3796875,0.6428057553956834,0.7214953271028037,0.3663793738425977
7800,0.7044728434504792,0.519844178691855,0.39875,0.6858633093525179,0.7717289719626168,0.3662161067142301
7850,0.7015873015873015,0.5199929650892554,0.4071875,0.688525179856115,0.7726635514018692,0.3648204612213506
7900,0.7018927444794952,0.5199735295586595,0.39,0.632410071942446,0.7049065420560747,0.36496564771861745
7950,0.702660406885759,0.5206255244740791,0.379375,0.5810431654676259,0.6413551401869159,0.36582294286206807
8000,0.7040498442367601,0.5205524363755584,0.40625,0.6320143884892087,0.6995327102803738,0.36649486174727786
8050,0.703875968992248,0.5207195224942576,0.4284375,0.6714748201438849,0.7441588785046729,0.36652195846882624
8100,0.7046153846153846,0.5208612746508264,0.4525,0.6838489208633094,0.7530373831775701,0.36700686736935156
8150,0.7044410413476263,0.52130645675906,0.428125,0.620863309352518,0.6785046728971963,0.36722966326059353
8200,0.7057926829268293,0.5217128219609108,0.3915625,0.5381654676258992,0.5820093457943926,0.3682210923291185
8250,0.7075757575757575,0.5219256510926843,0.406875,0.573705035971223,0.6235981308411215,0.3693019379701266
8300,0.7093373493975904,0.5223622651359058,0.390625,0.5616906474820144,0.6128504672897196,0.3705310645768248
8350,0.7115097159940209,0.5219520974014288,0.4203125,0.6284172661870504,0.6906542056074766,0.37137398858457416
8400,0.7127976190476191,0.5226175716034653,0.4271875,0.6186690647482015,0.6759345794392523,0.37252056071139866
8450,0.7140740740740741,0.5232497133863164,0.415,0.5735971223021583,0.6210280373831776,0.37363905459585856
8500,0.7161764705882353,0.5219733137470927,0.4559375,0.6837410071942446,0.7518691588785047,0.3738250055806384
8550,0.7167883211678832,0.5220085803580605,0.444375,0.6801798561151079,0.7507009345794392,0.3741696539500842
8600,0.7180232558139535,0.5225046177419905,0.448125,0.6684532374100719,0.7343457943925233,0.3751704668089293
8650,0.7153179190751445,0.522622306823094,0.4328125,0.6591726618705036,0.7268691588785047,0.3738411009789473
8700,0.7169540229885057,0.52209339944174,0.4421875,0.6838129496402877,0.7560747663551401,0.3743169631055004
8750,0.7167381974248928,0.5225252972948609,0.4365625,0.6670503597122303,0.735981308411215,0.3745138396920248
8800,0.717948717948718,0.522765535560627,0.4096875,0.5970143884892086,0.6530373831775701,0.37531884604352705
8850,0.7199434229137199,0.5225090968257255,0.43625,0.6696762589928058,0.7394859813084113,0.37617698767226915
8900,0.719718309859155,0.5218877721512479,0.4103125,0.6484172661870503,0.719626168224299,0.37561218530885593
8950,0.7198879551820728,0.5219521476478143,0.3721875,0.6171582733812949,0.6904205607476636,0.37574706427307636
9000,0.7182705718270572,0.5218921346017654,0.370625,0.6277697841726618,0.7046728971962617,0.3748597619524536
9050,0.7194444444444444,0.5213055501121344,0.38125,0.6633093525179856,0.7476635514018691,0.37505038188623
9100,0.72,0.5212742918194682,0.38875,0.6819424460431655,0.7696261682242991,0.3753174901100171
9150,0.7205479452054795,0.521709767689141,0.4040625,0.6568705035971223,0.7324766355140186,0.3759169011020386
9200,0.7224489795918367,0.5224405732429417,0.42625,0.6808633093525179,0.7570093457943925,0.37743665903673745
9250,0.7235772357723578,0.5224928157593929,0.420625,0.648273381294964,0.7163551401869159,0.3780639073380973
9300,0.7250673854447439,0.5226208553681593,0.3859375,0.5530575539568345,0.60303738317757,0.3789353371806869
9350,0.7269076305220884,0.5229877243076837,0.4090625,0.6002877697841726,0.6574766355140187,0.38016376746863756
9400,0.7273936170212766,0.5230616859842989,0.4434375,0.6652158273381295,0.7315420560747663,0.38047173169336634
9450,0.7284768211920529,0.5236217489530527,0.4515625,0.6303956834532374,0.6838785046728972,0.38144630718434297
9500,0.7299077733860343,0.5242633246033813,0.4809375,0.6652158273381295,0.7203271028037384,0.3826638759292138
9550,0.72870249017038,0.5243683603638026,0.4634375,0.6473381294964029,0.7023364485981308,0.3821085299636622
9600,0.7284595300261096,0.5240848437579477,0.4321875,0.6271942446043165,0.6855140186915888,0.3817745989777217
9650,0.728923476005188,0.5240328213816309,0.4590625,0.6932733812949641,0.7633177570093458,0.3819798257023042
9700,0.7286821705426356,0.5245488781057073,0.4190625,0.6371223021582734,0.7023364485981308,0.38222941505377117
9750,0.7297297297297297,0.5249232372978192,0.4325,0.6299640287769784,0.689018691588785,0.3830520920821924
9800,0.7307692307692307,0.5254755231253704,0.4503125,0.6533093525179856,0.7140186915887851,0.38400134382238604
9850,0.7305236270753512,0.5251613031373419,0.439375,0.6721942446043165,0.741822429906542,0.383642739967509
9900,0.7306226175349428,0.5250074813623643,0.4584375,0.6808992805755396,0.7474299065420561,0.3835823402583983
9950,0.730379746835443,0.5245192999908376,0.4265625,0.6715827338129496,0.7448598130841122,0.3830982735376117
10000,0.7317380352644837,0.5248281677850819,0.4303125,0.6407913669064749,0.7037383177570093,0.3840367323465146
10050,0.7321652065081352,0.5247847192635914,0.4571875,0.6861870503597123,0.7546728971962616,0.3842291123519411
10100,0.7300995024875622,0.5242142671571851,0.4615625,0.7226258992805755,0.8007009345794392,0.38272857564834284
10150,0.7314356435643564,0.5247696497780509,0.4690625,0.7223741007194244,0.7981308411214953,0.38383522650845053
10200,0.7324290998766955,0.5250892905676546,0.4653125,0.7015467625899281,0.772196261682243,0.3845906764453599
10250,0.7288343558282209,0.5250892905676546,0.459375,0.6825539568345323,0.7492990654205608,0.38270311484317404
10300,0.7298288508557457,0.5256299532615322,0.434375,0.6097122302158273,0.6621495327102803,0.3836199047642233
10350,0.730816077953715,0.525520527997882,0.4178125,0.5990647482014388,0.6532710280373831,0.38405885115557753
10400,0.7312348668280871,0.5264008975270997,0.4271875,0.5972661870503597,0.6481308411214953,0.38492269020141434
10450,0.7328519855595668,0.5265458001633779,0.4521875,0.6521223021582734,0.7119158878504673,0.38588013513778235
10500,0.7344497607655502,0.5268844081541966,0.479375,0.6957913669064748,0.7605140186915887,0.3869701275199482
10550,0.7345238095238096,0.5268026893296026,0.4825,0.7022661870503597,0.7679906542056075,0.38694911823376765
10600,0.7349112426035503,0.5261531993455988,0.5084375,0.7287410071942446,0.7946261682242991,0.38667590153090753
10650,0.734982332155477,0.526279066239932,0.4946875,0.6732374100719425,0.7266355140186916,0.38680581546963205
10700,0.7365339578454333,0.5267539507756347,0.5090625,0.6821223021582734,0.7338785046728972,0.3879721721754968
10750,0.7374562427071178,0.5263697261299057,0.5290625,0.7315107913669064,0.7920560747663551,0.38817464050653494
10800,0.7363530778164924,0.5259627477990058,0.49375,0.712410071942446,0.777803738317757,0.38729428815861744
10850,0.7352601156069364,0.5261871132231306,0.463125,0.6407913669064749,0.6939252336448598,0.38688439769931915
10900,0.7364787111622555,0.5259233271292568,0.5025,0.705251798561151,0.7658878504672897,0.38733133413432036
10950,0.7331042382588774,0.5259233271292568,0.5025,0.705251798561151,0.7658878504672897,0.3855566201176682
11000,0.7328767123287672,0.5257034222787709,0.48875,0.6792446043165468,0.736214953271028,0.38527579577964716
11050,0.7340909090909091,0.5262112248633203,0.48375,0.6665827338129496,0.7212616822429907,0.3862868764337556
11100,0.7352941176470589,0.5263037229070773,0.4928125,0.681978417266187,0.7385514018691589,0.38698803154932154
11150,0.7353603603603603,0.5263760527579623,0.4890625,0.6789568345323741,0.7357476635514019,0.3870760838411592
11200,0.7362514029180696,0.5267421735215353,0.448125,0.5905755395683453,0.633177570093458,0.3878146642313436
11250,0.7371364653243848,0.527292674906221,0.4465625,0.6044244604316547,0.6516355140186916,0.38868665857181167
11300,0.7369007803790413,0.5269364315852574,0.4475,0.6269424460431655,0.680607476635514,0.3882998676453235
11350,0.7377777777777778,0.5272706246295734,0.3846875,0.5229136690647482,0.5642523364485982,0.3890085497267075
11400,0.7392265193370166,0.5265555603158962,0.429375,0.645431654676259,0.7100467289719626,0.38924383408987245
11450,0.7400881057268722,0.5263720608850685,0.429375,0.6555035971223021,0.7231308411214953,0.3895617014479802
11500,0.7404162102957283,0.5263601212011577,0.4484375,0.6857913669064748,0.7567757009345795,0.3897255661905615
11550,0.7404580152671756,0.5263390444884726,0.43125,0.6442446043165467,0.7079439252336449,0.38973196423955603
11600,0.740499457111835,0.5253438828002684,0.4265625,0.6946043165467626,0.7747663551401869,0.38901686001062225
11650,0.7386609071274298,0.5252023947017502,0.3946875,0.6572302158273381,0.7357476635514019,0.38794647729589327
11700,0.7379162191192267,0.5255675725359232,0.39625,0.6399640287769784,0.7128504672897197,0.3878248360173784
11750,0.7393162393162394,0.5261970488132061,0.4078125,0.6239208633093525,0.6885514018691589,0.38902602326788316
11800,0.7401490947816827,0.5262788102552799,0.4278125,0.6330215827338129,0.694392523364486,0.38952478501322635
11850,0.7404661016949152,0.5260913388587299,0.4365625,0.6706474820143885,0.7406542056074766,0.38955280282018245
11900,0.7397260273972602,0.5265628030607256,0.4425,0.6475539568345324,0.7088785046728971,0.38951221048327644
11950,0.7397691500524659,0.5251470070183996,0.461875,0.7210791366906475,0.7985981308411215,0.3884875550345978
12000,0.7384937238493724,0.5252211454603564,0.4390625,0.7012589928057554,0.7796728971962616,0.3878725195554515
12050,0.7364583333333333,0.525128108056949,0.4509375,0.7225179856115108,0.8037383177570093,0.38673497124610723
12100,0.7362409138110073,0.525338773525001,0.4559375,0.7134172661870504,0.7904205607476635,0.3867758986804006
12150,0.7360248447204969,0.5255580757478093,0.45,0.6805755395683454,0.7495327102803738,0.3868238010938845
12200,0.7353244078269825,0.5256870705808869,0.4446875,0.6482374100719425,0.7091121495327103,0.38655053387719185
12250,0.735655737704918,0.5258400914560512,0.42375,0.5979136690647482,0.65,0.3868372803949229
12300,0.7370030581039755,0.5254852915740876,0.4675,0.6653597122302158,0.7245327102803738,0.38728426687876183
12350,0.7383367139959433,0.5249475094693973,0.4959375,0.7242446043165468,0.7925233644859813,0.3875880191619891
12400,0.7363636363636363,0.5249946668562896,0.476875,0.7007913669064748,0.7677570093457944,0.3865869819578132
12450,0.7374245472837022,0.525376210982371,0.4528125,0.6567625899280576,0.7177570093457943,0.3874253145373017
12500,0.7382146439317954,0.5256779862949492,0.4375,0.6151079136690647,0.6682242990654206,0.38806318747550916
12550,0.739,0.5254485288565931,0.43,0.6426978417266187,0.7063084112149532,0.3883064628250223
12600,0.7390438247011952,0.5257127285467734,0.4409375,0.6410791366906475,0.7009345794392523,0.38852474559930866
12650,0.7398212512413108,0.5259336045952527,0.4115625,0.5911510791366906,0.6448598130841121,0.3890968574215127
12700,0.741106719367589,0.5263220192008317,0.455625,0.6525539568345323,0.7114485981308412,0.3900607849808535
12750,0.741871921182266,0.5263289888859601,0.4396875,0.6406115107913669,0.7007009345794393,0.39046869815874674
12800,0.7419038272816487,0.5258437543730202,0.4671875,0.7147482014388489,0.788785046728972,0.3901254939214949
12850,0.7409579667644184,0.5259541499968248,0.45375,0.6686690647482014,0.7329439252336448,0.3897099175929552
12900,0.7407407407407407,0.5261430442596485,0.438125,0.6544604316546763,0.7191588785046729,0.3897355883404804
12950,0.7388349514563107,0.5262081685359907,0.4275,0.6442805755395683,0.7091121495327103,0.38878098665620286
13000,0.740096618357488,0.5265438595607749,0.4240625,0.6188489208633093,0.6771028037383178,0.38969332987782956
13050,0.7408477842003853,0.5267141450870884,0.4321875,0.6124460431654676,0.6663551401869159,0.3902150072947697
13100,0.7392138063279002,0.5262481754743766,0.43,0.6570863309352518,0.725,0.3890099168655267
13150,0.7385496183206107,0.5254043091514168,0.43375,0.6858273381294964,0.7612149532710281,0.38803715198778305
13200,0.7383444338725024,0.5255921877132682,0.4346875,0.6817266187050359,0.755607476635514,0.388068066284963
13250,0.738388625592417,0.5255117659257211,0.42625,0.6598201438848921,0.7296728971962617,0.3880319105745372
13300,0.7367924528301887,0.5254124681652087,0.4271875,0.6783812949640288,0.7535046728971962,0.38711994116700754
13350,0.7359022556390977,0.5254682531491284,0.423125,0.6756474820143885,0.7511682242990654,0.38669327275918
13400,0.7357075913776945,0.5258422941706105,0.40625,0.6242805755395684,0.6894859813084112,0.3868661676887809
13450,0.7366946778711485,0.5262482119580341,0.4153125,0.6152158273381295,0.675,0.3876842569886918
13500,0.7379182156133829,0.5272536509424568,0.425625,0.5580575539568345,0.5976635514018691,0.38907007327909915
13550,0.7379629629629629,0.5276030849225138,0.448125,0.5767266187050359,0.6151869158878505,0.38935153581781806
13600,0.7354838709677419,0.5272013541601361,0.4603125,0.6280935251798561,0.6782710280373832,0.3877480927371324
13650,0.7357798165137615,0.5263280181468467,0.4859375,0.716726618705036,0.7857476635514019,0.38726153261813856
13700,0.7340036563071298,0.5264516252600632,0.459375,0.6924460431654677,0.7621495327102804,0.38641741780971733
13750,0.7329079307201458,0.5267485281910326,0.4159375,0.6187769784172662,0.6794392523364486,0.3860581738063721
13800,0.7332123411978222,0.5265433512770588,0.428125,0.6507194244604316,0.7172897196261683,0.38606808333199955
13850,0.7344173441734417,0.5265942171728559,0.429375,0.6623381294964029,0.7320093457943925,0.38673992643318145
13900,0.7351351351351352,0.5268090645523934,0.406875,0.592589928057554,0.6481308411214953,0.3872758528601379
13950,0.7351885098743267,0.5269582669263916,0.4240625,0.6123741007194244,0.6686915887850468,0.3874136630275715
14000,0.7361359570661896,0.5270850134843138,0.4525,0.6570503597122302,0.7182242990654205,0.3880062308565208
14050,0.7355298308103295,0.5272550953243181,0.4853125,0.7092086330935252,0.7761682242990654,0.3878118510577799
14100,0.7338065661047027,0.5273423869642703,0.471875,0.6872302158273381,0.7516355140186916,0.38696730613970853
14150,0.7345132743362832,0.5270487487827946,0.4696875,0.6782733812949641,0.7406542056074766,0.38712430220329164
14200,0.735216240070609,0.5272558571097193,0.4103125,0.5989568345323741,0.655373831775701,0.38764706881941413
14250,0.7346221441124781,0.5257398628434666,0.40875,0.6824100719424461,0.7642523364485981,0.3862201452874676
14300,0.733567046450482,0.5257005586078481,0.410625,0.6932733812949641,0.777803738317757,0.3856366060953277
14350,0.7321116928446771,0.5254650325763516,0.4225,0.711294964028777,0.7976635514018692,0.38469909453015616
14400,0.731940818102698,0.5255974962280868,0.3953125,0.6674460431654676,0.7488317757009346,0.38470626138191555
14450,0.7309027777777778,0.5255977454693396,0.3875,0.6401079136690647,0.7156542056074766,0.3841608521572777
14500,0.7318339100346021,0.5255912050709173,0.405625,0.6743165467625899,0.7546728971962616,0.3846454666868478
14550,0.7325280414150129,0.5254069237157002,0.420625,0.6917985611510792,0.7728971962616823,0.384875304775349
14600,0.7332185886402753,0.5258007379072119,0.40125,0.6342805755395683,0.7039719626168224,0.38552687495434124
14650,0.7324185248713551,0.525830270789764,0.4275,0.6773741007194245,0.7521028037383177,0.3851278312645441
14700,0.7324786324786324,0.5259840711192775,0.38625,0.6049280575539568,0.6703271028037383,0.38527209311899213
14750,0.7331628303495311,0.5262902071622418,0.3675,0.5319064748201439,0.5810747663551402,0.3858564178683103
14800,0.733843537414966,0.526638752041509,0.355,0.43640287769784175,0.46074766355140184,0.3864704447379441
14850,0.7349703640982218,0.5260639347132734,0.4234375,0.606294964028777,0.6609813084112149,0.38664140163515776
14900,0.7352445193929174,0.5256550073735242,0.45125,0.6617985611510792,0.724766355140187,0.3864849632628272
14950,0.7342304457527334,0.5255018656141108,0.4159375,0.6126618705035971,0.6714953271028037,0.3858394690337416
15000,0.7336683417085427,0.5253594630613145,0.414375,0.6329856115107914,0.6983644859813084,0.38543960606508504
15050,0.7339449541284404,0.5246765650587776,0.4471875,0.7333453237410072,0.8189252336448598,0.3850837174743322
15100,0.7337770382695508,0.5248330223392568,0.4546875,0.7296762589928057,0.8119158878504673,0.3851104207181568
15150,0.733609958506224,0.5248131617640661,0.425,0.6863309352517986,0.7644859813084112,0.38500816182525677
15200,0.7328370554177006,0.5249168064087303,0.424375,0.6703597122302158,0.7439252336448599,0.3846784867478371
15250,0.7331136738056013,0.5245635859148796,0.425625,0.6760431654676259,0.7509345794392523,0.38456473761469756
15300,0.733771569433032,0.5247677752046763,0.4290625,0.6620863309352518,0.7317757009345794,0.3850596739998159
15350,0.733005733005733,0.5248567954346106,0.4425,0.6792086330935252,0.75,0.38472304006058683
15400,0.733278955954323,0.5254078167369528,0.4575,0.6885971223021583,0.7577102803738318,0.38527049530711305
15450,0.7303005686433793,0.5254078167369528,0.4575,0.6885971223021583,0.7577102803738318,0.38370562733267305
15500,0.728744939271255,0.5249888447422976,0.465625,0.7165467625899281,0.791588785046729,0.382582963779812
15550,0.7269789983844911,0.5249888447422976,0.4228125,0.67,0.7439252336448599,0.3816558645137866
15600,0.7264682220434433,0.5251177143295235,0.4328125,0.676978417266187,0.75,0.3814813322924857
15650,0.7267628205128205,0.5252111893215211,0.4396875,0.6380935251798561,0.697429906542056,0.3817039653162016
15700,0.7276357827476039,0.5250509896752512,0.4475,0.6580575539568345,0.7210280373831776,0.3820458878547555
15750,0.7279236276849642,0.5252277689695178,0.47125,0.697158273381295,0.7647196261682243,0.38232570294917173
15800,0.7290015847860539,0.5259256926291035,0.4846875,0.6126618705035971,0.6509345794392524,0.3834006634063195
15850,0.7296442687747036,0.5258119193102871,0.4775,0.6086690647482015,0.6478971962616823,0.3836556533781779
15900,0.7304964539007093,0.5256478218840624,0.4678125,0.6021223021582733,0.6422897196261682,0.3839838698869393
15950,0.7305577376276512,0.5257148656009178,0.501875,0.6675179856115108,0.7170560747663551,0.38406506285063124
16000,0.7311912225705329,0.5258775496724283,0.48875,0.6305035971223022,0.6728971962616822,0.384517048467379
16050,0.7318217357310399,0.5262245367077543,0.4884375,0.6005755395683453,0.6341121495327103,0.38510255383773107
16100,0.7318784099766174,0.5263678298908039,0.5209375,0.6510431654676259,0.6899532710280374,0.3852372504033241
16150,0.7327117327117327,0.5263497891321813,0.4846875,0.6335251798561151,0.6780373831775701,0.3856626660074957
16200,0.7337461300309598,0.5261832194637618,0.5115625,0.6756834532374101,0.724766355140187,0.3860849009687664
16250,0.7343629343629343,0.5262487765056596,0.51375,0.6652158273381295,0.7105140186915888,0.3864575957196002
16300,0.7338461538461538,0.5260242221251396,0.4875,0.6890287769784172,0.7492990654205608,0.38602085223644855
16350,0.7331288343558282,0.5260057297340919,0.5009375,0.7074100719424461,0.7691588785046729,0.38562996750444156
16400,0.7329762815608263,0.5262704044421342,0.5071875,0.6746762589928058,0.724766355140187,0.3857437241435077
16450,0.732824427480916,0.5261037721633433,0.518125,0.7149640287769784,0.7738317757009345,0.3855416956311523
16500,0.7328767123287672,0.5259656699601144,0.4825,0.678884892086331,0.7376168224299066,0.38546799099816603
16550,0.7336874051593323,0.5260391667944609,0.50375,0.694568345323741,0.7516355140186916,0.38594831129760526
16600,0.7335352006056018,0.5259818833164777,0.5165625,0.6957194244604317,0.7492990654205608,0.3858262262934647
16650,0.7328301886792453,0.5255944920011644,0.494375,0.7048201438848921,0.7677570093457944,0.38517151074198536
16700,0.7313769751693002,0.5253302724562551,0.4765625,0.6794964028776979,0.7401869158878505,0.3842144656339202
16750,0.7319819819819819,0.5253457491856036,0.4721875,0.6916187050359712,0.7572429906542056,0.38454362271468734
16800,0.7320359281437125,0.5249985767821141,0.4475,0.7024820143884892,0.7787383177570093,0.38431782042882306
16850,0.7300521998508576,0.5250358720892572,0.43125,0.6845323741007194,0.7602803738317757,0.38330359341937564
16900,0.7286245353159851,0.5252029617305798,0.4265625,0.6830935251798561,0.7598130841121495,0.38267576393752284
16950,0.7279466271312083,0.5248257873784813,0.4121875,0.6718705035971223,0.7495327102803738,0.3820451617536461
17000,0.727810650887574,0.5250182211826867,0.4096875,0.6700359712230216,0.7478971962616823,0.3821138532868075
17050,0.7278761061946902,0.525127074410482,0.41,0.6199280575539569,0.6827102803738317,0.382227450179311
17100,0.7274063188831741,0.5243635713813988,0.426875,0.6808273381294964,0.7567757009345795,0.38142537521497777
17150,0.7265395894428153,0.524446705870472,0.4096875,0.6335251798561151,0.7004672897196261,0.38103129436776967
17200,0.7273391812865497,0.5240671155202226,0.446875,0.6685251798561151,0.7348130841121495,0.38117454674168233
17250,0.7257476294675419,0.5240671155202226,0.435,0.6289208633093525,0.6869158878504673,0.38034046677069394
17300,0.7265454545454545,0.52390151078307,0.4690625,0.6822661870503597,0.7460280373831776,0.3806382612889359
17350,0.7268115942028985,0.5239334873580423,0.499375,0.7081294964028777,0.7705607476635514,0.38080093320298297
17400,0.7276011560693642,0.5235463188149458,0.4840625,0.7085611510791366,0.7757009345794392,0.3809329068256145
17450,0.7264218862491001,0.523380251689308,0.4603125,0.7099280575539568,0.7845794392523364,0.3801948696576759
17500,0.7252510760401721,0.5235050721022048,0.4453125,0.6679856115107914,0.7345794392523365,0.3796726168546119
17550,0.7246065808297568,0.5232596221743057,0.4375,0.6775179856115108,0.7492990654205608,0.37915736570999403
17600,0.7241625089094796,0.5234133789116044,0.4525,0.6926618705035972,0.7644859813084112,0.3790363456694156
17650,0.7240398293029872,0.52331185919505,0.4484375,0.6868705035971223,0.758177570093458,0.37889862920381284
17700,0.7243090007087172,0.523723922696548,0.454375,0.6875179856115108,0.7572429906542056,0.3793379510955861
17750,0.7234794908062234,0.5226022760727338,0.429375,0.6767266187050359,0.7507009345794392,0.37809202858727486
17800,0.7230443974630021,0.5226580507079355,0.4275,0.6608273381294965,0.7306074766355141,0.3779049753533064
17850,0.7229254571026723,0.522277486324933,0.436875,0.7025539568345324,0.7820093457943925,0.37756769053588685
17900,0.7230014025245441,0.5226142812736738,0.4640625,0.7244604316546762,0.8023364485981308,0.3778508583402228
17950,0.7232704402515723,0.5222568466581865,0.485625,0.7358992805755395,0.8107476635514018,0.3777329394068644
18000,0.7221448467966574,0.5221487034769969,0.5009375,0.7601079136690647,0.8376168224299065,0.37706699547746925
18050,0.7208333333333333,0.5222032253592718,0.4871875,0.7189928057553957,0.7883177570093458,0.37642149161314176
18100,0.72002772002772,0.5222782798321968,0.4859375,0.7044964028776979,0.7698598130841121,0.37605483904757614
18150,0.7194194885970975,0.5220683096566824,0.470625,0.7083453237410072,0.7794392523364486,0.37558611634596156
18200,0.7193103448275862,0.5219817407361088,0.4290625,0.6667625899280576,0.7378504672897196,0.3754668659225941
18250,0.7189003436426117,0.521982425797506,0.45375,0.7127338129496403,0.7901869158878505,0.3752533452812311
18300,0.7187928669410151,0.5219437602439315,0.4190625,0.6653597122302158,0.7390186915887851,0.37516945180770933
18350,0.7190704032809296,0.5215471629264733,0.448125,0.7184532374100719,0.7992990654205607,0.3750291287755639
18400,0.7193460490463215,0.521844501211764,0.4415625,0.6340287769784173,0.6915887850467289,0.37538678016323074
18450,0.7199184228416043,0.5220369213332946,0.4103125,0.5484172661870503,0.5897196261682243,0.3758239970713521
18500,0.7206779661016949,0.5222684278601932,0.39875,0.525431654676259,0.5633177570093458,0.3763873483494138
18550,0.7214334009465855,0.5216897700186705,0.4209375,0.5911510791366906,0.6420560747663552,0.37636442502361145
18600,0.7216981132075472,0.521050154560332,0.4459375,0.6719064748201439,0.7394859813084113,0.3760409134326924
18650,0.7215870880968392,0.521090835303164,0.4459375,0.6639928057553957,0.7292056074766355,0.37601241848035977
18700,0.7203219315895373,0.5211533945763629,0.4575,0.6756474820143885,0.7408878504672897,0.37539821983569
18750,0.7204013377926421,0.5211115332313144,0.455625,0.6897841726618705,0.7598130841121495,0.3754094456790138
18800,0.7202937249666221,0.5213751019973747,0.4215625,0.6297841726618705,0.6920560747663551,0.37554321432254156
18850,0.7201865423051299,0.5214172676388431,0.4359375,0.6674460431654676,0.7366822429906542,0.37551769907900695
18900,0.7197875166002656,0.521388288936885,0.42875,0.6627338129496403,0.7327102803738318,0.37528878167834223
18950,0.7190192180251822,0.5209606133731829,0.4125,0.6366906474820144,0.7037383177570093,0.37458069284950524
19000,0.7186261558784677,0.520865750383736,0.431875,0.6629136690647482,0.7320093457943925,0.37430775192701765
19050,0.7188940092165899,0.5212761297715139,0.4596875,0.6705755395683454,0.7336448598130841,0.37474228684035105
19100,0.7183191070256073,0.5213249155037308,0.459375,0.6748201438848921,0.7392523364485981,0.3744776477748401
19150,0.7185863874345549,0.5213549337260678,0.4596875,0.6743525179856115,0.7385514018691589,0.37463855839739685
19200,0.7186684073107049,0.5211844603856585,0.475625,0.7226258992805755,0.7964953271028037,0.37455880606045033
19250,0.7194010416666666,0.5216183289831732,0.4846875,0.6925179856115108,0.7546728971962616,0.3752527692229208
19300,0.7199480181936322,0.5216320270331093,0.468125,0.6257553956834533,0.6728971962616822,0.3755479440888142
19350,0.7202072538860104,0.5211250144208335,0.5075,0.7128776978417266,0.7742990654205607,0.375318015567336
19400,0.7198192382182053,0.5211076117015532,0.4946875,0.6860071942446043,0.7432242990654205,0.3751032840847203
19450,0.7200772200772201,0.5207707814497642,0.483125,0.6739928057553957,0.7310747663551402,0.3749951766037877
19500,0.7190506735086594,0.520894913959109,0.4978125,0.6899640287769784,0.7474299065420561,0.3745498387095325
19550,0.719309462915601,0.5204301914715237,0.4971875,0.7036690647482015,0.7654205607476635,0.3743503615124451
19600,0.7189292543021033,0.5202473349423183,0.4575,0.6339208633093525,0.6866822429906542,0.3740210285627375
19650,0.7194656488549618,0.5205177455566423,0.4628125,0.6250719424460431,0.6735981308411215,0.37449463754743156
19700,0.7193650793650793,0.5204000693839814,0.4696875,0.6683812949640288,0.727803738317757,0.37435763721400056
19750,0.7189873417721518,0.5202624372049262,0.47,0.7011870503597122,0.7703271028037383,0.37406210674987095
19800,0.7188881869867341,0.5201626896774875,0.44875,0.656726618705036,0.7189252336448598,0.37393881292039216
19850,0.7185138539042821,0.5193846790006535,0.4784375,0.7531294964028777,0.8352803738317757,0.37318508736759803
19900,0.7171590194846009,0.5193846790006535,0.466875,0.7407553956834533,0.8226635514018692,0.3724814071274329
19950,0.7174185463659147,0.5192192700962708,0.45375,0.6859352517985612,0.7553738317757009,0.37249753399763785
20000,0.7166979362101313,0.5192314075923148,0.416875,0.6243884892086331,0.6864485981308411,0.37213207823689354
