acceptance ratio,link utilization,node utilization,profitability,revenue cost ratio,time periods,total utilization
1.0,0.09906542056074766,0.061875,0.7178060413354531,0.7178060413354531,0,0.09050359712230216
1.0,0.1602803738317757,0.113125,0.7460279248916707,0.7460279248916707,50,0.14942446043165467
1.0,0.2380841121495327,0.1565625,0.7252747252747253,0.7252747252747253,100,0.21931654676258994
1.0,0.31822429906542055,0.20625,0.7189421894218943,0.7189421894218943,150,0.29244604316546763
0.95,0.3705607476635514,0.25,0.6798530954879328,0.7156348373557188,200,0.3428057553956835
0.9583333333333334,0.4380841121495327,0.29,0.6676755699783659,0.6967049425861208,250,0.4039928057553957
0.9285714285714286,0.46822429906542057,0.315,0.6436202805227215,0.6931295328706231,300,0.4329496402877698
0.90625,0.5074766355140187,0.338125,0.6216802973318195,0.6859920522282146,350,0.4684892086330935
0.8648648648648649,0.530373831775701,0.3546875,0.5935647906479598,0.6863092891867034,400,0.48992805755395685
0.8536585365853658,0.5411214953271029,0.3740625,0.5903156200283113,0.691512583461736,450,0.5026618705035971
0.8222222222222222,0.5441588785046729,0.38,0.5719784190327853,0.6956494285533876,500,0.5063669064748202
0.8,0.5502336448598131,0.3796875,0.5551308438694502,0.6939135548368127,550,0.5109712230215827
0.7962962962962963,0.5679906542056075,0.40125,0.5550560498033525,0.6970471323111869,600,0.5296043165467625
0.7758620689655172,0.4850467289719626,0.353125,0.5403781139700479,0.6964873468947284,650,0.4546762589928058
0.7868852459016393,0.4483644859813084,0.335,0.5503564289710179,0.6994112951506686,700,0.42226618705035973
0.7878787878787878,0.4614485981308411,0.3684375,0.5509241162886758,0.6992498399048578,750,0.44003597122302157
0.7857142857142857,0.444392523364486,0.355625,0.5500206296416693,0.7000262559075792,800,0.4239568345323741
0.7702702702702703,0.4422897196261682,0.35875,0.5420261955683252,0.7036831310887028,850,0.42305755395683453
0.7662337662337663,0.44345794392523363,0.3571875,0.5407583343153143,0.7057354532589695,900,0.4235971223021583
0.7560975609756098,0.4425233644859813,0.3746875,0.5348726569190269,0.7074122236671001,950,0.4269064748201439
0.7471264367816092,0.4635514018691589,0.3978125,0.5308444995853148,0.7105149455988059,1000,0.44841726618705036
0.7582417582417582,0.4422897196261682,0.4053125,0.5413950101688106,0.714013709063214,1050,0.4337769784172662
0.7578947368421053,0.3885514018691589,0.3659375,0.5392944380675275,0.7115690502279877,1100,0.3833453237410072
0.76,0.3946261682242991,0.3578125,0.5416047366271948,0.7126378113515721,1150,0.38615107913669067
0.7523809523809524,0.4485981308411215,0.374375,0.5324296566365289,0.7076596702131079,1200,0.43151079136690645
0.7614678899082569,0.4740654205607477,0.4125,0.541620890972362,0.7112852664576802,1250,0.45989208633093526
0.7699115044247787,0.39065420560747666,0.366875,0.549809678397805,0.714120616769563,1300,0.3851798561151079
0.7692307692307693,0.46004672897196264,0.390625,0.5462717785541042,0.7101533121203355,1350,0.4440647482014389
0.768595041322314,0.444392523364486,0.3565625,0.5455305090069078,0.7097762536541489,1400,0.4241726618705036
0.7698412698412699,0.4546728971962617,0.3728125,0.5488512448949976,0.7129407923378319,1450,0.4358273381294964
0.7615384615384615,0.4252336448598131,0.366875,0.5449556344552706,0.7155983078705574,1500,0.41179856115107916
0.753731343283582,0.44065420560747665,0.3659375,0.5389631248095452,0.7150599873710798,1550,0.42345323741007196
0.7591240875912408,0.4350467289719626,0.3765625,0.5431163255007337,0.7154513134000051,1600,0.42158273381294964
0.7535211267605634,0.5016355140186916,0.380625,0.5339138761901395,0.7085586020467272,1650,0.4737769784172662
0.7517241379310344,0.514018691588785,0.384375,0.5324341971026321,0.7082840236686391,1700,0.4841726618705036
0.76,0.5378504672897196,0.396875,0.539423223218608,0.7097673989718527,1750,0.5053956834532374
0.7612903225806451,0.5803738317757009,0.41625,0.5361058494246699,0.7042068361086766,1800,0.5425899280575539
0.7484276729559748,0.5105140186915887,0.3846875,0.527428181268796,0.7047149648885593,1850,0.48154676258992807
0.7439024390243902,0.47990654205607475,0.3721875,0.5261199736321688,0.7072432432432433,1900,0.4551079136690647
0.7337278106508875,0.47126168224299064,0.36,0.5198296784385352,0.7084775456138102,1950,0.4456474820143885
0.7383720930232558,0.42593457943925234,0.3584375,0.5243905088393184,0.7101981694516752,2000,0.4103956834532374
0.7401129943502824,0.4422897196261682,0.395625,0.5267956953317751,0.7117773898757572,2050,0.4315467625899281
0.7388888888888889,0.4046728971962617,0.38,0.5272744693562387,0.7136045449934058,2100,0.3989928057553957
0.7351351351351352,0.4161214953271028,0.3846875,0.5243108445103458,0.713216957605985,2150,0.40888489208633094
0.7287234042553191,0.38457943925233645,0.3534375,0.5194195058390626,0.7127800518083487,2200,0.377410071942446
0.7329842931937173,0.4014018691588785,0.3803125,0.5234249121122798,0.7141011300960389,2250,0.39654676258992805
0.7295918367346939,0.45116822429906545,0.413125,0.5209957780849922,0.7140921154171921,2300,0.442410071942446
0.7336683417085427,0.45186915887850465,0.4215625,0.5249020360145833,0.7154486655267266,2350,0.44489208633093524
0.7277227722772277,0.4219626168224299,0.4028125,0.5210353044322098,0.7159804863626285,2400,0.4175539568345324
0.7294685990338164,0.45817757009345794,0.4275,0.5235591827305784,0.7177268266571505,2450,0.45111510791366904
0.7345971563981043,0.4469626168224299,0.4234375,0.5282003141675364,0.7190339760603238,2500,0.44154676258992803
0.7361111111111112,0.45093457943925236,0.428125,0.5301943995506804,0.7202640899556412,2550,0.4456834532374101
0.7397260273972602,0.4981308411214953,0.4521875,0.5320542098897605,0.7192584689250466,2600,0.4875539568345324
0.7321428571428571,0.47313084112149534,0.418125,0.5264603101243138,0.7190677406575994,2650,0.4604676258992806
0.7268722466960352,0.4794392523364486,0.4246875,0.5229675221421293,0.7194765304622021,2700,0.4668345323741007
0.7272727272727273,0.4960280373831776,0.42875,0.5236809737552514,0.7200613389134706,2750,0.48053956834532374
0.7288135593220338,0.47570093457943924,0.4178125,0.524023907474967,0.7190095474656524,2800,0.4623741007194245
0.7280334728033473,0.4908878504672897,0.4153125,0.5233213811985274,0.7188150006117705,2850,0.4734892086330935
0.7272727272727273,0.4929906542056075,0.39875,0.5230795430511417,0.7192343716953198,2900,0.47129496402877696
0.726530612244898,0.4719626168224299,0.39,0.5226921885321485,0.7194358774740246,2950,0.4530935251798561
0.7298387096774194,0.4268691588785047,0.356875,0.5261410861027278,0.7209004936656159,3000,0.41075539568345326
0.7290836653386454,0.40607476635514017,0.3515625,0.5254236518231582,0.7206630415716541,3050,0.3935251798561151
0.7294117647058823,0.402803738317757,0.3446875,0.5253790384641347,0.7202777140234106,3100,0.3894244604316547
0.7325581395348837,0.4077102803738318,0.3475,0.5284498946751734,0.7213760466994432,3150,0.39384892086330936
0.735632183908046,0.4700934579439252,0.37625,0.5286969491448036,0.7186974152437174,3200,0.44848920863309355
0.7348484848484849,0.49929906542056074,0.3853125,0.5259158084709747,0.7156792445172027,3250,0.4730575539568345
0.7340823970037453,0.5114485981308411,0.405,0.5259084497787636,0.7164161025047443,3300,0.48694244604316544
0.737037037037037,0.4983644859813084,0.398125,0.5278683566861692,0.7162032980164105,3350,0.47528776978417264
0.7335766423357665,0.5011682242990654,0.38875,0.5256749444735852,0.7165917153520514,3400,0.47528776978417264
0.7311827956989247,0.45794392523364486,0.365625,0.5244529703109136,0.7172665623369848,3450,0.4366906474820144
0.7340425531914894,0.525233644859813,0.386875,0.5253348462491214,0.7156735586582234,3500,0.49338129496402877
0.7333333333333333,0.5271028037383177,0.386875,0.5232648459032824,0.7135429716862942,3550,0.4948201438848921
0.7326388888888888,0.52196261682243,0.358125,0.5221162190460041,0.7126515217310389,3600,0.48424460431654676
0.726027397260274,0.5007009345794392,0.356875,0.5177172570156265,0.7130822596630327,3650,0.46758992805755395
0.7263513513513513,0.4602803738317757,0.3303125,0.517648547392946,0.7126696280386605,3700,0.43035971223021585
0.7275747508305648,0.44719626168224297,0.3209375,0.5179475447027567,0.7118822418060721,3750,0.4181294964028777
0.7287581699346405,0.4369158878504673,0.313125,0.5189081332144532,0.7120443442314919,3800,0.4084172661870504
0.7322580645161291,0.39929906542056076,0.2953125,0.5220368158543939,0.7129137132813308,3850,0.3753597122302158
0.7348242811501597,0.41051401869158877,0.315,0.5247075604410176,0.7140585496436457,3900,0.3885251798561151
0.7373417721518988,0.4864485981308411,0.3528125,0.5253952277094286,0.7125531843612851,3950,0.45568345323741005
0.7320872274143302,0.5329439252336449,0.3753125,0.5213072006429635,0.7120834527931544,4000,0.4966546762589928
0.7292307692307692,0.5392523364485982,0.3778125,0.5191531416715566,0.7119188651614172,4050,0.5020863309352518
0.729483282674772,0.525,0.3771875,0.5193118269614725,0.7118899627930185,4100,0.49097122302158275
0.7297297297297297,0.5331775700934579,0.404375,0.5199688546904209,0.7125499119831694,4150,0.5035251798561151
0.7307692307692307,0.5189252336448598,0.42125,0.5208236208236208,0.7127060074428495,4200,0.4964388489208633
0.7280701754385965,0.555373831775701,0.4425,0.5181575603604762,0.7116862877240275,4250,0.5293884892086331
0.7254335260115607,0.4848130841121495,0.38625,0.516320961509053,0.7117412457455472,4300,0.4621223021582734
0.7249283667621776,0.4280373831775701,0.3509375,0.5159507553682561,0.7117265360613493,4350,0.41028776978417264
0.7244318181818182,0.4394859813084112,0.35875,0.5159579450385787,0.7122243006022734,4400,0.42089928057553955
0.7267605633802817,0.4287383177570093,0.3621875,0.518026628788527,0.7127885783718104,4450,0.4134172661870504
0.7277777777777777,0.4497663551401869,0.391875,0.5197904260674975,0.7142158526118286,4500,0.4364388489208633
0.7300275482093664,0.3901869158878505,0.3684375,0.5221657286647354,0.7152685264350904,4550,0.3851798561151079
0.73224043715847,0.41845794392523367,0.373125,0.523097497110907,0.7143794176962387,4600,0.40802158273381295
0.7358490566037735,0.43014018691588785,0.4015625,0.5261711002563603,0.7150530336817204,4650,0.42356115107913667
0.736,0.44906542056074766,0.4225,0.5265174525708665,0.7153769736017207,4700,0.4429496402877698
0.7368421052631579,0.48411214953271026,0.4415625,0.5275135549800406,0.715911253187198,4750,0.47431654676258994
0.7350649350649351,0.46845794392523366,0.4475,0.5263875827284764,0.7161103157260191,4800,0.46363309352517984
0.7377892030848329,0.5182242990654206,0.48625,0.5280739754410015,0.7157518343085353,4850,0.510863309352518
0.7385786802030457,0.5385514018691588,0.5065625,0.5289750554510463,0.7162067761089767,4900,0.5311870503597123
0.7361809045226131,0.5245327102803738,0.498125,0.5275350573757212,0.7165834567765769,4950,0.518453237410072
0.7338308457711443,0.47126168224299064,0.4746875,0.5262406013231927,0.7171143109556728,5000,0.4720503597122302
0.7358024691358025,0.4899532710280374,0.4503125,0.5269085014683332,0.716100480183473,5050,0.4808273381294964
0.7334963325183375,0.49672897196261684,0.43875,0.5252008309814107,0.7160237995713231,5100,0.48338129496402876
0.7342995169082126,0.5420560747663551,0.475,0.5259775340169567,0.7162983522467765,5150,0.5266187050359712
0.7344497607655502,0.5630841121495327,0.4878125,0.5261908396080184,0.7164422506715038,5200,0.5457553956834532
0.7257683215130024,0.5607476635514018,0.4825,0.519971089730855,0.7164422506715038,5250,0.5427338129496403
0.7230046948356808,0.5257009345794392,0.4521875,0.5170594958756835,0.7151537183215622,5300,0.5087769784172662
0.7202797202797203,0.4502336448598131,0.3871875,0.514867672311144,0.7148162829174135,5350,0.43571942446043166
0.7228637413394919,0.45210280373831774,0.395625,0.5165929018684196,0.7146476885272386,5400,0.43910071942446044
0.7208237986270023,0.43855140186915886,0.3821875,0.5155558515978165,0.7152314512642723,5450,0.4255755395683453
0.7210884353741497,0.43154205607476637,0.371875,0.5156561684824306,0.715108082706767,5500,0.41780575539568343
0.7219730941704036,0.4121495327102804,0.3871875,0.5173110346850606,0.7165239797190591,5550,0.4064028776978417
0.7244444444444444,0.43644859813084114,0.4034375,0.5192488463721385,0.716754542538228,5600,0.42884892086330934
0.7262693156732892,0.39953271028037385,0.369375,0.5209205477168726,0.7172553438168487,5650,0.39258992805755394
0.7270742358078602,0.4053738317757009,0.3784375,0.5212278221420974,0.7168839115347766,5700,0.3991726618705036
0.7272727272727273,0.3836448598130841,0.359375,0.521888677010136,0.717596930888937,5750,0.37805755395683455
0.7259100642398287,0.4074766355140187,0.3728125,0.5205045123825225,0.7170371896243009,5800,0.39949640287769783
0.7288135593220338,0.44672897196261685,0.4075,0.5226371597989392,0.7171068006543585,5850,0.4376978417266187
0.7289915966386554,0.48808411214953273,0.4128125,0.5225439242580607,0.7168037692992418,5900,0.47075539568345326
0.7306889352818372,0.5119158878504673,0.40875,0.5233066446868072,0.7161825222999447,5950,0.4881654676258993
0.731404958677686,0.5371495327102803,0.4428125,0.5239029147696223,0.7162966405324779,6000,0.515431654676259
0.728952772073922,0.508411214953271,0.4153125,0.5221965481471134,0.7163654054863217,6050,0.48697841726618707
0.7285714285714285,0.5095794392523364,0.4153125,0.5219389458798486,0.7163867884625373,6100,0.48787769784172663
0.7267206477732794,0.4394859813084112,0.371875,0.5207443662696021,0.716567456649536,6150,0.4239208633093525
0.7283702213279678,0.46892523364485983,0.390625,0.521792614804118,0.7163837833084161,6200,0.4508992805755396
0.7250996015936255,0.4897196261682243,0.4125,0.5195602653274756,0.7165364098747053,6250,0.4719424460431655
0.7267326732673267,0.5102803738317757,0.414375,0.5204625232205387,0.7161677771835749,6300,0.48820143884892087
0.7263779527559056,0.4742990654205608,0.399375,0.5204069611833593,0.7164410197321043,6350,0.45705035971223024
0.726027397260274,0.44532710280373833,0.3828125,0.5204785319600735,0.7168855251525541,6400,0.4309352517985611
0.7248062015503876,0.433411214953271,0.3834375,0.5191962054682508,0.716324176528389,6450,0.4219064748201439
0.727447216890595,0.4007009345794392,0.3690625,0.5217003753868634,0.7171659513893294,6500,0.39341726618705036
0.7300380228136882,0.45654205607476633,0.4009375,0.5231709311173992,0.7166351816868541,6550,0.4437410071942446
0.7269303201506592,0.44065420560747665,0.386875,0.5206904195680024,0.7162865616337027,6600,0.428273381294964
0.7284644194756554,0.45794392523364486,0.3859375,0.5218643726710583,0.7163896529726096,6650,0.44136690647482013
0.7286245353159851,0.4605140186915888,0.3771875,0.52218538213478,0.7166727948686522,6700,0.44133093525179856
0.7282809611829945,0.46822429906542057,0.3703125,0.5219652358925124,0.7167086107052011,6750,0.4456834532374101
0.7307692307692307,0.4614485981308411,0.361875,0.5236645884236245,0.7165936473165389,6800,0.4385251798561151
0.730909090909091,0.46238317757009345,0.3734375,0.5240297446157184,0.7169561182553361,6850,0.4419064748201439
0.72875226039783,0.4422897196261682,0.3540625,0.5224589127406221,0.7169225279046253,6900,0.42197841726618707
0.7307001795332136,0.4616822429906542,0.3809375,0.5243726640036013,0.7176304025798671,6950,0.4430935251798561
0.7295373665480427,0.5004672897196262,0.4140625,0.5235664535385732,0.7176691387528736,7000,0.4805755395683453
0.7292035398230089,0.41658878504672897,0.366875,0.5235938587171206,0.7180352674154687,7050,0.4051438848920863
0.7306338028169014,0.4483644859813084,0.3696875,0.5242050932407223,0.7174662480981453,7100,0.4302517985611511
0.7320490367775832,0.4635514018691589,0.3790625,0.5254068500489197,0.717720840617065,7150,0.44410071942446044
0.7317073170731707,0.47289719626168225,0.39,0.5254318841046697,0.7180902416097152,7200,0.4538129496402878
0.7322970639032815,0.4294392523364486,0.3790625,0.5264682423736484,0.7189271517319397,7250,0.41784172661870506
0.7345890410958904,0.4995327102803738,0.4425,0.5279817161409518,0.7187443408538832,7300,0.48640287769784174
0.7325383304940375,0.45607476635514016,0.43,0.5266402113651484,0.7189251257473072,7350,0.45007194244604315
0.727580372250423,0.39042056074766357,0.36625,0.523075810611408,0.7189251257473072,7400,0.3848561151079137
0.7289562289562289,0.3703271028037383,0.35375,0.5241288356729651,0.7190127676437443,7450,0.36651079136690645
0.7312186978297162,0.39532710280373834,0.3625,0.5258856372187268,0.7191906317215009,7500,0.3877697841726619
0.7301324503311258,0.4095794392523365,0.3734375,0.5252213250797229,0.7193507490887814,7550,0.4012589928057554
0.7307060755336617,0.4074766355140187,0.3625,0.5248792760919928,0.7183179306517385,7600,0.3971223021582734
0.732463295269168,0.472196261682243,0.3865625,0.525564111034912,0.7175296215242786,7650,0.45248201438848923
0.7297734627831716,0.4504672897196262,0.3875,0.5239774588889896,0.718000154309081,7700,0.43597122302158275
0.729903536977492,0.4355140186915888,0.3740625,0.5241197036930856,0.7180670830332582,7750,0.42136690647482017
0.731629392971246,0.44042056074766356,0.3796875,0.5259989238086119,0.7189417604895002,7800,0.4264388489208633
0.7333333333333333,0.5205607476635514,0.42875,0.5263543621465916,0.7177559483817159,7850,0.49942446043165467
0.7350157728706624,0.5128504672897196,0.435625,0.5279022590581842,0.7182189533109201,7900,0.4950719424460432
0.7339593114241002,0.5460280373831776,0.4453125,0.5266402333333762,0.7175332816631713,7950,0.522841726618705
0.7336448598130841,0.5537383177570093,0.4553125,0.5263688037685399,0.7174708535443792,8000,0.5310791366906474
0.7317829457364341,0.560981308411215,0.4625,0.5249574132338294,0.7173676515589406,8050,0.5383093525179856
0.7323076923076923,0.5857476635514018,0.4803125,0.5250399211395832,0.7169662788670779,8100,0.561474820143885
0.7320061255742726,0.48154205607476636,0.429375,0.5249084530266144,0.7170820498459816,8150,0.4695323741007194
0.7332317073170732,0.45957943925233646,0.4096875,0.5260231428667292,0.7174037042007784,8200,0.4480935251798561
0.7333333333333333,0.5007009345794392,0.4246875,0.5260283207212413,0.7173113464380563,8250,0.48320143884892086
0.7319277108433735,0.4570093457943925,0.391875,0.5253280182551612,0.7177321072457346,8300,0.44201438848920865
0.7324364723467862,0.47266355140186916,0.4078125,0.5261873294552224,0.7184067824602934,8350,0.4577338129496403
0.7336309523809523,0.43411214953271027,0.4003125,0.5274845568402279,0.7190053188572681,8400,0.42633093525179855
0.7348148148148148,0.4156542056074766,0.3984375,0.5285195418310337,0.7192554248708624,8450,0.4116906474820144
0.7352941176470589,0.4803738317757009,0.4334375,0.5288073316882239,0.7191779710959845,8500,0.46956834532374103
0.7372262773722628,0.5070093457943925,0.4371875,0.5302463882770235,0.7192451009302201,8550,0.4909352517985612
0.7383720930232558,0.5030373831775701,0.4409375,0.5311342245244618,0.7193313906945468,8600,0.4887410071942446
0.7384393063583815,0.5268691588785047,0.4325,0.5311411150026203,0.7192752477139203,8650,0.5051438848920863
0.7399425287356322,0.5371495327102803,0.441875,0.5328099939304776,0.7200694286905095,8700,0.5152158273381295
0.7410586552217453,0.508411214953271,0.4353125,0.5336962952039782,0.7201809080069127,8750,0.49158273381294965
0.7421652421652422,0.4373831775700935,0.40875,0.534617201155719,0.7203479370658632,8800,0.4307913669064748
0.743988684582744,0.47757009345794393,0.42,0.5354574976782319,0.7197118837614257,8850,0.46431654676258993
0.7436619718309859,0.4766355140186916,0.3990625,0.5352072927629067,0.7196916247379995,8900,0.45877697841726617
0.7436974789915967,0.4394859813084112,0.3609375,0.5352758188197059,0.7197494060965536,8950,0.42140287769784174
0.7419804741980475,0.44205607476635517,0.359375,0.5341976721705674,0.719961900274994,9000,0.42302158273381296
0.7416666666666667,0.4310747663551402,0.3609375,0.5342099790150543,0.7202831177731068,9050,0.41492805755395684
0.7420689655172413,0.45537383177570095,0.3846875,0.5349962939698272,0.7209522548849902,9100,0.43910071942446044
0.7410958904109589,0.422196261682243,0.38375,0.534619035201433,0.7213898256877006,9150,0.4133453237410072
0.7428571428571429,0.4247663551401869,0.399375,0.5361192531026339,0.7216989945612379,9200,0.4189208633093525
0.7439024390243902,0.4070093457943925,0.3946875,0.537137087774522,0.722053134385423,9250,0.4041726618705036
0.7425876010781671,0.25747663551401867,0.325625,0.5364656049688626,0.7224273664009003,9300,0.27316546762589927
0.7443105756358769,0.29369158878504675,0.3390625,0.5375022131703041,0.7221477576226928,9350,0.304136690647482
0.7460106382978723,0.3614485981308411,0.3871875,0.5389209935327846,0.722403898639312,9400,0.36737410071942445
0.7470198675496689,0.4074766355140187,0.4284375,0.5400031888756274,0.7228766092218062,9450,0.4123021582733813
0.7483530961791831,0.4436915887850467,0.4578125,0.5408548617931881,0.7227268311637848,9500,0.44694244604316546
0.7483617300131061,0.46004672897196264,0.465,0.54083942931489,0.7226978713962541,9550,0.46118705035971225
0.7493472584856397,0.48878504672897194,0.4378125,0.5407892362657504,0.7216804093720641,9600,0.4770503597122302
0.748378728923476,0.5399532710280374,0.450625,0.539412113177694,0.7207742448180279,9650,0.5193884892086331
0.748062015503876,0.5144859813084112,0.410625,0.5391054558490873,0.7206694694770183,9700,0.4905755395683453
0.749034749034749,0.5121495327102804,0.4240625,0.5400641070082111,0.7210134212119932,9750,0.4918705035971223
0.75,0.4941588785046729,0.4240625,0.5407829085065032,0.721043878008671,9800,0.47802158273381296
0.7496807151979565,0.5144859813084112,0.413125,0.5403436278481162,0.7207650095486797,9850,0.49115107913669065
0.7509529860228716,0.5689252336448598,0.45375,0.5410254393640053,0.7204518118095975,9900,0.5424100719424461
0.7493670886075949,0.5018691588785047,0.393125,0.5400668044820504,0.7206972559811144,9950,0.47683453237410073
0.7506297229219143,0.4934579439252336,0.4178125,0.541394897070468,0.7212542756274355,10000,0.4760431654676259
0.7496871088861077,0.52196261682243,0.4425,0.5407002268567771,0.7212345263081217,10050,0.5036690647482014
0.7450248756218906,0.4852803738317757,0.4178125,0.5373376632569216,0.7212345263081217,10100,0.46974820143884893
0.7462871287128713,0.4824766355140187,0.4253125,0.5384186982439666,0.7214631976469734,10150,0.46931654676258994
0.7472256473489519,0.45537383177570095,0.4215625,0.5393063193047306,0.7217449256701923,10200,0.44758992805755393
0.7447852760736197,0.452803738317757,0.4190625,0.5374242561913251,0.7215828151498022,10250,0.4450359712230216
0.7444987775061125,0.4427570093457944,0.4125,0.5368687694809661,0.7211143734571925,10300,0.4357913669064748
0.7442143727161997,0.39929906542056076,0.3815625,0.5365492762831592,0.7209606478371091,10350,0.3952158273381295
0.7445520581113801,0.41238317757009346,0.384375,0.5364147638662604,0.7204529999244408,10400,0.40593525179856116
0.7436823104693141,0.39976635514018694,0.3828125,0.5359554348335576,0.7206779390723079,10450,0.395863309352518
0.7452153110047847,0.430607476635514,0.41,0.537145968384954,0.7207929848632769,10500,0.425863309352518
0.7464285714285714,0.4768691588785047,0.435,0.5379925155267317,0.7207555231937075,10550,0.46723021582733815
0.7467455621301775,0.49322429906542054,0.46625,0.5385055251646957,0.7211365590557336,10600,0.48701438848920864
0.7479387514723204,0.5492990654205607,0.4865625,0.5384090908595184,0.7198571939208365,10650,0.5348561151079136
0.7494145199063232,0.5542056074766355,0.5009375,0.539777508165398,0.720265612458203,10700,0.5419424460431654
0.750291715285881,0.6135514018691589,0.5209375,0.5394806805938576,0.7190279055504446,10750,0.5922302158273381
0.7468060394889663,0.5514018691588785,0.4659375,0.536974382426174,0.7190279055504446,10800,0.531726618705036
0.7456647398843931,0.5149532710280373,0.4459375,0.5361696794018533,0.719049259973028,10850,0.49906474820143887
0.7445339470655926,0.5179906542056075,0.4553125,0.5356034411220688,0.7193808196832733,10900,0.5035611510791367
0.7434135166093929,0.5355140186915888,0.471875,0.5351597821090615,0.7198682431143462,10950,0.520863309352518
0.7420091324200914,0.5189252336448598,0.463125,0.5342395323051737,0.7199905081528187,11000,0.5060791366906475
0.7420454545454546,0.47079439252336447,0.441875,0.5345638349282398,0.7203923043443354,11050,0.46413669064748203
0.7420814479638009,0.45,0.44125,0.5347236166232663,0.7205726784984259,11100,0.44798561151079136
0.7421171171171171,0.4481308411214953,0.4375,0.5347671858961749,0.7205967542880171,11150,0.4456834532374101
0.7429854096520763,0.31588785046728973,0.3696875,0.5355899046307913,0.7208619411269411,11200,0.32827338129496403
0.743847874720358,0.2997663551401869,0.360625,0.5364151986230398,0.7211356204045075,11250,0.3137769784172662
0.7435897435897436,0.3144859813084112,0.3546875,0.5361094551262117,0.7209747844800777,11300,0.3237410071942446
0.7444444444444445,0.3088785046728972,0.330625,0.5369286455229646,0.7212474342845793,11350,0.3138848920863309
0.7447513812154696,0.3649532710280374,0.366875,0.5371166736060025,0.7212026552128075,11400,0.3653956834532374
0.7455947136563876,0.39065420560747666,0.3734375,0.5376553747228004,0.7211094242958683,11450,0.38669064748201437
0.7458926615553122,0.4457943925233645,0.409375,0.5379982569498799,0.7212810698902208,11500,0.437410071942446
0.7470010905125409,0.4327102803738318,0.4096875,0.5388786505750932,0.7213893760253437,11550,0.42741007194244607
0.748099891422367,0.49042056074766355,0.428125,0.539417704322418,0.7210503710899085,11600,0.4760791366906475
0.7483801295896328,0.49883177570093457,0.4215625,0.5395365944074401,0.7209392300451507,11650,0.4810431654676259
0.7475832438238453,0.5098130841121495,0.439375,0.5391376388457361,0.7211740542606038,11700,0.4935971223021583
0.7489316239316239,0.5098130841121495,0.4509375,0.5401388703379788,0.7212125287251757,11750,0.4962589928057554
0.7476038338658147,0.5245327102803738,0.46375,0.5393161104303061,0.7213929169431018,11800,0.5105395683453238
0.7478813559322034,0.5116822429906542,0.4521875,0.5393646314591184,0.7211901021209741,11850,0.49798561151079135
0.7471022128556375,0.5039719626168224,0.458125,0.5388996313247697,0.7213198168225762,11900,0.49341726618705034
0.7471143756558237,0.5151869158878505,0.46625,0.5386681328858093,0.7209982171912588,11950,0.5039208633093525
0.747907949790795,0.5378504672897196,0.4634375,0.5390037763502469,0.7206819722948755,12000,0.5207194244604316
0.7458333333333333,0.5521028037383178,0.4753125,0.5375127358879913,0.7206874671123905,12050,0.5344244604316547
0.7455867082035307,0.5434579439252336,0.4803125,0.5375161329961793,0.7209304123611707,12100,0.5289208633093525
0.7453416149068323,0.5217289719626168,0.474375,0.5375538337303319,0.7212180602548621,12150,0.5108273381294964
0.7445932028836252,0.47757009345794393,0.4690625,0.5373147793268067,0.7216219235495565,12200,0.47561151079136693
0.7448770491803278,0.43457943925233644,0.4528125,0.5378221452429152,0.7220280794457843,12250,0.4387769784172662
0.745158002038736,0.4570093457943925,0.481875,0.538104027102,0.7221341321300438,12300,0.4627338129496403
0.7454361054766734,0.4369158878504673,0.4834375,0.5383964991732401,0.7222570723602921,12350,0.44762589928057556
0.7434343434343434,0.42102803738317757,0.464375,0.5369812385275481,0.7222981333454791,12400,0.4310071942446043
0.744466800804829,0.3745327102803738,0.428125,0.53819253416661,0.7229234850832571,12450,0.38687050359712233
0.7452357071213641,0.3544392523364486,0.425625,0.5389113500324145,0.7231421480246532,12500,0.3708273381294964
0.746,0.4002336448598131,0.4340625,0.5394260176141393,0.7230911764264603,12550,0.40802158273381295
0.7470119521912351,0.42383177570093455,0.4421875,0.5400648044348572,0.7229667515367955,12600,0.42805755395683454
0.746772591857001,0.4100467289719626,0.4146875,0.5398498028959622,0.7229105738247792,12650,0.41111510791366906
0.7480237154150198,0.45957943925233646,0.45875,0.5409237922814218,0.7231372229706723,12700,0.45938848920863307
0.7487684729064039,0.4633177570093458,0.4428125,0.5411375096237752,0.7227033845633314,12750,0.45859712230215827
0.7497546614327772,0.5404205607476635,0.4709375,0.5407717143446437,0.721264891252869,12800,0.5244244604316547
0.7497556207233627,0.5179906542056075,0.4546875,0.5405054871270644,0.7209088830912476,12850,0.5034172661870504
0.7495126705653021,0.5114485981308411,0.4390625,0.5404271004604603,0.7210379779875582,12900,0.4947841726618705
0.7485436893203884,0.5035046728971962,0.433125,0.5397170861821118,0.7210228258982816,12950,0.4873021582733813
0.7478260869565218,0.5163551401869159,0.4315625,0.539210505763436,0.7210373042185481,13000,0.49683453237410075
0.7485549132947977,0.5121495327102804,0.4396875,0.5398766311313611,0.721225152013324,13050,0.49546762589928056
0.74784276126558,0.5514018691588785,0.441875,0.5391483582352113,0.7209381251786224,13100,0.5261870503597122
0.7461832061068703,0.52196261682243,0.430625,0.5380290810427435,0.7210415306045974,13150,0.5009352517985611
0.7469077069457659,0.5130841121495328,0.4315625,0.5386083932057872,0.7211177340882579,13200,0.4943165467625899
0.7469194312796209,0.5341121495327102,0.4378125,0.5385252139141927,0.720995051623697,13250,0.5119424460431655
0.7452830188679245,0.5523364485981308,0.43875,0.5370315163935189,0.7205739333887722,13300,0.5261870503597122
0.7443609022556391,0.5476635514018692,0.4346875,0.536375436637114,0.7205851825528905,13350,0.5216546762589928
0.7441424554826617,0.5093457943925234,0.4178125,0.5363694424558321,0.7207886588165905,13400,0.488273381294964
0.7450980392156863,0.5018691588785047,0.426875,0.5371403591503576,0.7208989030702168,13450,0.4846043165467626
0.7453531598513011,0.4647196261682243,0.4140625,0.5373165766332415,0.7208885741363689,13500,0.45305755395683456
0.7453703703703703,0.45957943925233646,0.4275,0.5372437940879006,0.720774282751469,13550,0.45219424460431656
0.743778801843318,0.5014018691588785,0.4475,0.5357392395484657,0.7202937731227822,13600,0.48899280575539567
0.7440366972477064,0.5200934579439253,0.46125,0.53573031415429,0.7200321115020667,13650,0.506546762589928
0.7440585009140768,0.5287383177570093,0.46,0.5358348287681085,0.7201514774844112,13700,0.5129136690647482
0.7438468550592525,0.48785046728971965,0.4290625,0.5356438711057493,0.7200996649546654,13750,0.47431654676258994
0.7441016333938294,0.5018691588785047,0.44125,0.5360172932722618,0.7203549477878445,13800,0.4879136690647482
0.7443541102077688,0.5011682242990654,0.451875,0.5363442860484473,0.7205499085626591,13850,0.4898201438848921
0.7450450450450451,0.4939252336448598,0.441875,0.5367155086440332,0.7203799450965862,13900,0.48194244604316544
0.7450628366247756,0.5086448598130842,0.4590625,0.5367896527784102,0.7204622568616252,13950,0.4972302158273381
0.7450805008944544,0.522196261682243,0.4809375,0.5369181969258283,0.7206177000757216,14000,0.5126978417266187
0.7453250222617988,0.5663551401869159,0.5028125,0.5368536920257868,0.7202947385244428,14050,0.5517266187050359
0.7444543034605147,0.5764018691588785,0.510625,0.5363329634122243,0.7204377232009257,14100,0.5612589928057554
0.7433628318584071,0.5053738317757009,0.481875,0.5356291227604713,0.7205487008563481,14150,0.49996402877697843
0.7431597528684908,0.41728971962616823,0.4059375,0.5355168500827773,0.720594526299034,14200,0.41467625899280575
0.7416520210896309,0.3981308411214953,0.385625,0.5345148260832602,0.7207083792449646,14250,0.39525179856115106
0.740578439964943,0.4016355140186916,0.3875,0.5337836629230372,0.7207658691067285,14300,0.3983812949640288
0.7399650959860384,0.4091121495327103,0.4071875,0.5336336724192967,0.7211605997553231,14350,0.4086690647482014
0.7397737162750218,0.39299065420560747,0.39375,0.5336260001121483,0.7213367930927747,14400,0.39316546762589927
0.7404513888888888,0.4532710280373832,0.4234375,0.5338228634048241,0.7209424837542291,14450,0.4464028776978417
0.7413494809688581,0.4488317757009346,0.423125,0.5345525025055878,0.7210533172654138,14500,0.4429136690647482
0.7420189818809318,0.44953271028037384,0.4253125,0.5350381018292861,0.7210571628141194,14550,0.4439568345323741
0.7426850258175559,0.37850467289719625,0.3840625,0.5353184866796378,0.7207880434782609,14600,0.3797841726618705
0.7435677530017153,0.4782710280373832,0.4403125,0.5352465403511341,0.7198356009797259,14650,0.4695323741007194
0.7444444444444445,0.4630841121495327,0.41375,0.5359454537510936,0.7199267289193795,14700,0.451726618705036
0.7450980392156863,0.42570093457943925,0.4078125,0.5366072816391886,0.7201834569368057,14750,0.42158273381294964
0.7448979591836735,0.43411214953271027,0.409375,0.5362243289297604,0.7198627977413221,14800,0.42841726618705034
0.7434377646062659,0.38271028037383176,0.388125,0.5352544950394188,0.7199721624619061,14850,0.3839568345323741
0.7428330522765598,0.3808411214953271,0.4,0.5349556401541092,0.7201559469043968,14900,0.3852517985611511
0.7417998317914214,0.39485981308411217,0.38875,0.5338843726116738,0.71971487418966,14950,0.39345323741007193
0.7412060301507538,0.4032710280373832,0.3871875,0.5336077283829238,0.7199182233776396,15000,0.399568345323741
0.7414512093411176,0.4366822429906542,0.40375,0.5338784601299709,0.7200453022450337,15050,0.42910071942446043
0.7420965058236273,0.4532710280373832,0.42375,0.5342200889703863,0.7198795369309466,15100,0.4464748201438849
0.7427385892116183,0.4488317757009346,0.399375,0.5343363507173456,0.7194137459378788,15150,0.43744604316546765
0.7419354838709677,0.44345794392523363,0.39875,0.5339241725846452,0.7196369282662609,15200,0.4331654676258993
0.7421746293245469,0.47990654205607475,0.4084375,0.5337001545520216,0.7191032049124908,15250,0.46345323741007194
0.7428101889893179,0.46098130841121493,0.411875,0.534257216310203,0.7192378675326516,15300,0.4496762589928058
0.7411957411957412,0.49649532710280375,0.42625,0.5327867547648443,0.718820582947928,15350,0.48032374100719427
0.7422512234910277,0.5408878504672897,0.4525,0.533447142232873,0.7186881278873652,15400,0.5205395683453238
0.7408610885458976,0.572429906542056,0.4740625,0.5324564382481429,0.7186994248722193,15450,0.5497841726618705
0.7392712550607288,0.583411214953271,0.4821875,0.5313267326361593,0.718716883686371,15500,0.5601079136690648
0.7382875605815832,0.5633177570093458,0.4475,0.5306652463245477,0.7187785283914552,15550,0.5366546762589928
0.7369267900241352,0.5448598130841121,0.439375,0.5297316665003048,0.7188389317247585,15600,0.5205755395683453
0.7363782051282052,0.5163551401869159,0.443125,0.5294760184019602,0.7190272807025532,15650,0.49949640287769786
0.7364217252396166,0.5275700934579439,0.455,0.5294705733336583,0.7189773945919091,15700,0.510863309352518
0.7366746221161495,0.5434579439252336,0.46875,0.5296313264489988,0.7189487876310924,15750,0.5262589928057554
0.7377179080824089,0.44345794392523363,0.463125,0.5305860427870142,0.7192261933374994,15800,0.44798561151079136
0.7383399209486166,0.44485981308411215,0.4659375,0.5311850814801691,0.7194316146385589,15850,0.44971223021582735
0.7383766745468873,0.4327102803738318,0.4525,0.5311472813217616,0.7193446104560464,15900,0.4372661870503597
0.7376276512175962,0.4313084112149533,0.45625,0.5306600261075068,0.7194144975877063,15950,0.4370503597122302
0.737460815047022,0.40350467289719627,0.4390625,0.5306264121995602,0.7195316705277777,16000,0.4116906474820144
0.7380766223612197,0.3747663551401869,0.430625,0.5311655645875927,0.7196618189698422,16050,0.38762589928057556
0.7381137957911146,0.42126168224299065,0.463125,0.5310662212050261,0.7194909839557007,16100,0.43089928057553956
0.7389277389277389,0.3990654205607477,0.426875,0.5316231848966837,0.7194521965951965,16150,0.4054676258992806
0.739938080495356,0.40677570093457943,0.45375,0.5324920673498164,0.7196440910208814,16200,0.41758992805755396
0.7405405405405405,0.4350467289719626,0.4734375,0.5328183478613445,0.7194992288638594,16250,0.4438848920863309
0.7407692307692307,0.49042056074766355,0.46625,0.5326986167060361,0.719115474265677,16300,0.48485611510791365
0.74079754601227,0.5369158878504673,0.490625,0.5324384041489854,0.7187367277539098,16350,0.5262589928057554
0.740627390971691,0.5126168224299066,0.496875,0.5324250640612844,0.718883841661259,16400,0.5089928057553957
0.7404580152671756,0.525233644859813,0.49625,0.5321165644313185,0.718631648871162,16450,0.5185611510791367
0.7397260273972602,0.4742990654205608,0.45875,0.5316561039097173,0.7187202886186919,16500,0.47071942446043163
0.7397572078907435,0.4588785046728972,0.4634375,0.5318504106835931,0.7189526577240777,16550,0.4599280575539568
0.7395912187736563,0.4675233644859813,0.47625,0.5315977547885811,0.7187723992586649,16600,0.4695323741007194
0.7396226415094339,0.4899532710280374,0.4684375,0.531210741866135,0.7182186050741112,16650,0.485
0.7373965387509406,0.46869158878504674,0.4490625,0.5296119134481783,0.7182186050741112,16700,0.4641726618705036
0.7372372372372372,0.4053738317757009,0.421875,0.529705340978091,0.7185005236077567,16750,0.4091726618705036
0.7372754491017964,0.3985981308411215,0.3971875,0.5298897256925139,0.7187133741372574,16800,0.39827338129496404
0.7367636092468307,0.402803738317757,0.3978125,0.5294651238473228,0.7186363674891294,16850,0.4016546762589928
0.7360594795539034,0.43154205607476637,0.408125,0.5289539036326987,0.7186292933191714,16900,0.42615107913669065
0.7353595255744997,0.4224299065420561,0.39125,0.5282977589894007,0.7184210452386103,16950,0.4152517985611511
0.735207100591716,0.41985981308411213,0.38875,0.5283143390531132,0.7185925416497073,17000,0.4126978417266187
0.7359882005899705,0.39953271028037385,0.3928125,0.5289661652295407,0.7187155511535642,17050,0.39798561151079137
0.7362233651726672,0.46705607476635513,0.429375,0.5287281981255246,0.7181627521445499,17100,0.4583812949640288
0.7360703812316716,0.4633177570093458,0.428125,0.5285481315726424,0.7180673819373348,17150,0.4552158273381295
0.7368421052631579,0.4913551401869159,0.4653125,0.5290491198713905,0.7179952341111728,17200,0.48535971223021585
0.7352297592997812,0.4913551401869159,0.4653125,0.5278914631539476,0.7179952341111728,17250,0.48535971223021585
0.736,0.5707943925233645,0.516875,0.5281261330031001,0.7175626807107338,17300,0.5583812949640288
0.7347826086956522,0.5425233644859813,0.516875,0.5274000579598837,0.7177633924897825,17350,0.5366187050359712
0.7348265895953757,0.5329439252336449,0.5084375,0.5275920056883365,0.7179816478590538,17400,0.5273021582733813
0.7350611951043916,0.513785046728972,0.496875,0.5278641639401188,0.718122746045862,17450,0.5098920863309353
0.7345767575322812,0.5231308411214953,0.49125,0.5274306402372059,0.718006164541665,17500,0.5157913669064749
0.734620886981402,0.5102803738317757,0.4815625,0.5274599052601419,0.7180028700620041,17550,0.5036690647482014
0.7341411261582323,0.5224299065420561,0.4965625,0.5272514826272857,0.718188184588429,17600,0.5164748201438849
0.7339971550497866,0.5539719626168225,0.50875,0.5270739629263419,0.7180872014287178,17650,0.5435611510791367
0.7342310418143161,0.5675233644859813,0.5146875,0.5274045616280005,0.7183087224489466,17700,0.5553597122302159
0.7333804809052333,0.5177570093457944,0.4846875,0.5268085899446672,0.718329167002661,17750,0.5101438848920863
0.7322057787174067,0.525233644859813,0.4921875,0.5261005430234483,0.7185146011070963,17800,0.5176258992805756
0.7320675105485233,0.5135514018691589,0.4865625,0.5261029748123623,0.718653631299884,17850,0.5073381294964029
0.7328190743338009,0.5275700934579439,0.5103125,0.5266866989247836,0.7187131413078864,17900,0.5235971223021583
0.7323549965059399,0.4927570093457944,0.51,0.5264711654449613,0.7188742726638736,17950,0.496726618705036
0.7318941504178273,0.5014018691588785,0.5221875,0.5259912450690805,0.718671196878401,18000,0.5061870503597122
0.7305555555555555,0.472196261682243,0.5084375,0.5250667581634496,0.7187225587028209,18050,0.48053956834532374
0.7297297297297297,0.46448598130841123,0.5071875,0.5245125373947672,0.7187764401335699,18100,0.47431654676258994
0.7290946786454734,0.44462616822429907,0.4725,0.524066400414222,0.7187905984828239,18150,0.4510431654676259
0.7289655172413793,0.39976635514018694,0.4309375,0.5239301312826806,0.7187310221001769,18200,0.4069424460431655
0.7292096219931271,0.4588785046728972,0.4696875,0.5239180485595547,0.7184738554704544,18250,0.46136690647482015
0.7290809327846365,0.44766355140186914,0.4490625,0.5238603204150456,0.7185214930998461,18300,0.44798561151079136
0.7293233082706767,0.4633177570093458,0.478125,0.5242511812065482,0.7188186299017619,18350,0.46672661870503596
0.728882833787466,0.4525700934579439,0.473125,0.5239423909332932,0.7188293737290414,18400,0.4573021582733813
0.7294357579877634,0.3983644859813084,0.4384375,0.5244330237027192,0.7189571089158434,18450,0.40758992805755395
0.7294915254237289,0.3894859813084112,0.415625,0.5239435838368808,0.7182312139027872,18500,0.39550359712230215
0.7281947261663286,0.36378504672897194,0.394375,0.5230443533217226,0.7182753932802486,18550,0.3708273381294964
0.7284366576819407,0.43200934579439254,0.419375,0.5228822494913529,0.7178142999492764,18600,0.42910071942446043
0.7283120376597175,0.4441588785046729,0.42625,0.5228741783264317,0.7179260417095142,18650,0.44003597122302157
0.7276995305164319,0.45957943925233646,0.4465625,0.5226208437124938,0.7181821916823303,18700,0.4565827338129496
0.728428093645485,0.4738317757009346,0.444375,0.5232674123643384,0.71835149814939,18750,0.4670503597122302
0.7283044058744993,0.4663551401869159,0.4296875,0.5232914303606461,0.7185064735840953,18800,0.4579136690647482
0.7281812125249834,0.45957943925233646,0.419375,0.5231964276141761,0.7184975643631091,18850,0.45032374100719424
0.7277556440903055,0.4899532710280374,0.428125,0.5228308630343126,0.7184154012132069,18900,0.47571942446043164
0.7263088137839628,0.47546728971962615,0.4078125,0.521791437859294,0.7184154012132069,18950,0.45989208633093526
0.725891677675033,0.4785046728971963,0.4184375,0.5216601479080349,0.7186473739151638,19000,0.46467625899280574
0.7261356155365372,0.49205607476635516,0.44625,0.5218064098321908,0.7186073767317297,19050,0.4815107913669065
0.7261982928430729,0.5212616822429906,0.4653125,0.5217561885571955,0.7184761981669157,19100,0.5083812949640287
0.7264397905759162,0.5184579439252337,0.465625,0.5215729367754354,0.71798508774132,19150,0.5062949640287769
0.7265013054830287,0.5572429906542056,0.4815625,0.5215147884155178,0.7178442550337586,19200,0.5398201438848921
0.7272135416666666,0.5200934579439253,0.480625,0.522259221194143,0.7181648735489738,19250,0.5110071942446043
0.7277452891487979,0.4892523364485981,0.4753125,0.522631293955276,0.7181513941046158,19300,0.4860431654676259
0.7273316062176166,0.5037383177570094,0.4928125,0.5223892404166612,0.7182270589522038,19350,0.5012230215827338
0.7262750161394448,0.5070093457943925,0.4828125,0.5211811904177333,0.7176085901840612,19400,0.5014388489208633
0.7258687258687259,0.4892523364485981,0.4728125,0.5208724181715179,0.7175848739703358,19450,0.48546762589928055
0.7248236048749198,0.4672897196261682,0.466875,0.5202118463896511,0.717708202231386,19500,0.4671942446043165
0.7250639386189258,0.4572429906542056,0.46625,0.5202739082469902,0.7175559016739794,19550,0.45931654676258993
0.7240280433397068,0.37126168224299066,0.40875,0.5196047482828746,0.7176583187111182,19600,0.37989208633093524
0.7245547073791349,0.3677570093457944,0.4140625,0.5201022148053106,0.7178232499332293,19650,0.37841726618705035
0.7238095238095238,0.3719626168224299,0.405,0.5196500338819008,0.7179375468105208,19700,0.379568345323741
0.7240506329113924,0.4091121495327103,0.416875,0.5199151961515929,0.7180646939855916,19750,0.4108992805755396
0.7239418825015793,0.41495327102803736,0.4175,0.5198861151837704,0.7181323912180703,19800,0.41553956834532374
0.7241813602015114,0.508411214953271,0.4584375,0.5194132362795191,0.7172419297494577,19850,0.4969064748201439
0.7240729101194218,0.5285046728971963,0.469375,0.5193034334050696,0.7171977105446751,19900,0.5148920863309353
0.7236842105263158,0.5327102803738317,0.455,0.5187777042565976,0.7168564640636622,19950,0.5148201438848921
