acceptance ratio,link utilization,node utilization,profitability,revenue cost ratio,time periods
1.0,0.14135516,0.061876535,0.47019136,0.47019136,0
1.0,0.24182242,0.113126576,0.47501692,0.47501692,50
1.0,0.38084114,0.15656406,0.44998643,0.44998643,100
0.8,0.38084114,0.15656406,0.3599896,0.449987,150
0.75,0.40700936,0.18531406,0.344424375,0.4592325,200
0.7083333,0.43901867,0.20593905,0.32721518418497103,0.46195087,250
0.71428573,0.442757,0.21031404,0.330882007279404,0.4632348,300
0.6875,0.4869159,0.23125154,0.31542097812500003,0.45879415,350
0.6486486,0.51401865,0.23750156,0.294993402740358,0.45478153,400
0.6585366,0.4864486,0.24218905,0.302180490129756,0.45886666,450
0.64444447,0.4969626,0.25875157,0.2995668863238205,0.46484515,500
0.6,0.4964953,0.25656408,0.27964137,0.46606895,550
0.6111111,0.46495324,0.25187653,0.288545174753724,0.47216484,600
0.5862069,0.47710282,0.25593907,0.27705943611252,0.4726308,650
0.57377046,0.49766356,0.26125157,0.269655878495982,0.4699717,700
0.57575756,0.47850466,0.2646891,0.2684839950762592,0.46631432,750
0.5857143,0.4630841,0.27031404,0.27259477379151,0.4654057,800
0.5810811,0.47313082,0.26343906,0.270702063543285,0.46585935,850
0.5714286,0.4609813,0.2515641,0.26577518471732997,0.46510655,900
0.5609756,0.46214956,0.25875157,0.26265292713944,0.4682074,950
0.55172414,0.49135512,0.28250158,0.259531697524968,0.4704012,1000
0.5604396,0.5257009,0.30875158,0.264298366678332,0.47159117,1050
0.5473684,0.48411214,0.29718906,0.25658276907879995,0.468757,1100
0.55,0.36471963,0.26625156,0.260091986,0.47289452,1150
0.552381,0.44719625,0.27437657,0.25700444082222,0.46526662,1200
0.559633,0.43691587,0.27937657,0.26245757975280004,0.4689816,1250
0.5575221,0.45560747,0.29500157,0.262293787342908,0.47046348,1300
0.5470086,0.4088785,0.2568766,0.258225507408756,0.47206846,1350
0.54545456,0.43294394,0.26750153,0.2589373596322688,0.47471848,1400
0.5555556,0.43808413,0.26093906,0.26584107682284003,0.4785139,1450
0.5538462,0.39906543,0.25218904,0.267275187811392,0.48258016,1500
0.54477614,0.38317758,0.24468905,0.263192929726975,0.48312125,1550
0.54744524,0.39649534,0.25593907,0.26603457277206005,0.4859565,1600
0.53521127,0.36799067,0.25375158,0.26115625891480954,0.48794985,1650
0.537931,0.42336446,0.27062654,0.26078890576552,0.48479992,1700
0.5466667,0.42943925,0.28750157,0.26664247759202,0.4877606,1750
0.5419355,0.4469626,0.2778141,0.26387115882105,0.4869051,1800
0.5408805,0.45280373,0.27625155,0.261659460742875,0.48376575,1850
0.5487805,0.52242994,0.30656403,0.26382345952128,0.48074496,1900
0.53846157,0.50537384,0.29968905,0.2592481113383775,0.48146075,1950
0.5406977,0.47710282,0.28156406,0.26064785733172596,0.48205838,2000
0.5423729,0.48411214,0.30031407,0.26211667341704004,0.4832776,2050
0.5388889,0.47546726,0.30531406,0.26023248375450697,0.48290563,2100
0.53513515,0.49322432,0.31312656,0.2587276078895805,0.48348087,2150
0.5319149,0.43691587,0.29031408,0.25789266266918,0.4848382,2200
0.52879584,0.36588782,0.25625157,0.2568535262952192,0.48573288,2250
0.5255102,0.41588783,0.27468908,0.25443665715644603,0.48417073,2300
0.53266335,0.45887852,0.3012516,0.2582054321786355,0.48474413,2350
0.52970296,0.44135517,0.28312653,0.2540630357047688,0.47963303,2400
0.5217391,0.41962618,0.2700016,0.249405261973098,0.47802678,2450
0.52606636,0.4135514,0.27468908,0.252820180293596,0.4805861,2500
0.5277778,0.42570096,0.27156407,0.25317435093775,0.47969875,2550
0.5251142,0.4271028,0.2646891,0.25245119845387,0.48075485,2600
0.5223214,0.42056078,0.25406408,0.251030360018424,0.48060516,2650
0.5198238,0.38668227,0.21718907,0.24733672289472597,0.47580877,2700
0.52380955,0.4661215,0.24375159,0.24725284760073699,0.47202814,2750
0.5169492,0.45747662,0.23968905,0.244473951087576,0.47291678,2800
0.51046026,0.45747662,0.23968905,0.2414052684185862,0.47291687,2850
0.5082645,0.42032713,0.22187656,0.24040872221898,0.47299924,2900
0.5102041,0.43107474,0.20875156,0.24112343725187202,0.47260192,2950
0.516129,0.38481307,0.20906407,0.24498512017229998,0.4746587,3000
0.5139442,0.35000002,0.18187654,0.244259916348448,0.47526544,3050
0.5176471,0.33060747,0.18437654,0.245599607771625,0.47445375,3100
0.5232558,0.34485984,0.19312656,0.24758446258379402,0.47316143,3150
0.5249042,0.32056075,0.20125157,0.248130865761216,0.47271648,3200
0.52272725,0.3385514,0.20218909,0.2463776986061075,0.47133127,3250
0.52434456,0.35654205,0.22187656,0.24785483156448476,0.47269458,3300
0.52592593,0.37032712,0.23812658,0.249356472302005,0.4741285,3350
0.52554744,0.3890187,0.25562656,0.24977779370660158,0.47527164,3400
0.5232975,0.3740654,0.24062657,0.24934823409045,0.47649422,3450
0.5212766,0.3871495,0.24406403,0.248134625855376,0.47601336,3500
0.522807,0.42009348,0.25218904,0.24902661936269999,0.4763261,3550
0.5208333,0.40443927,0.25000155,0.24820710390641101,0.47655767,3600
0.5171233,0.35397196,0.21531409,0.24669507684037598,0.47705272,3650
0.5168919,0.33200938,0.22312659,0.24738037989399,0.4785921,3700
0.5215947,0.40327102,0.23625153,0.24859586774104497,0.47660735,3750
0.52287585,0.38644862,0.22937655,0.24996819878577753,0.47806415,3800
0.5225806,0.43504673,0.23062658,0.24870944902271797,0.47592553,3850
0.52715653,0.3728972,0.21406406,0.2518853901933741,0.47781897,3900
0.5253165,0.40186918,0.23281407,0.25108897358124,0.47797656,3950
0.52024925,0.42523366,0.23593909,0.24811887467769,0.47692308,4000
0.52307695,0.44252336,0.25625157,0.24892586573543699,0.47588766,4050
0.5258359,0.44252336,0.26250154,0.250632724926043,0.47663677,4100
0.5285285,0.47126168,0.27156407,0.25160394173441997,0.47604612,4150
0.5295858,0.49228972,0.29281408,0.25268521816821,0.47713745,4200
0.5263158,0.50677574,0.29968905,0.2507600050152,0.476444,4250
0.5202312,0.50677574,0.29968905,0.247861070268984,0.47644407,4300
0.51862466,0.4817757,0.2803141,0.247332567116194,0.4769009,4350
0.5198864,0.4109813,0.26000154,0.2484170585688,0.4778295,4400
0.52394366,0.5046729,0.28437656,0.24923419900568383,0.47568893,4450
0.5222222,0.52359813,0.29468906,0.24844089276137998,0.4757379,4500
0.523416,0.49228972,0.28218907,0.2492695683468,0.47623605,4550
0.52459013,0.47289717,0.27406406,0.250372390361412,0.4772724,4600
0.5283019,0.4504673,0.27687657,0.252636842542336,0.47820544,4650
0.528,0.45490652,0.29125154,0.25294070208,0.47905436,4700
0.5263158,0.47523367,0.30593908,0.252366305047326,0.47949597,4750
0.5246753,0.48457944,0.30156404,0.251285008026296,0.47893432,4800
0.5244216,0.47079438,0.30562657,0.251388982700448,0.47936428,4850
0.52538073,0.48668224,0.32625157,0.25209049354381197,0.4798244,4900
0.5251256,0.49579442,0.32843906,0.25195668071912,0.4798027,4950
0.52487564,0.49509346,0.32375157,0.2516959041069904,0.47953436,5000
0.52098763,0.4801402,0.32000154,0.24983149055947204,0.4795344,5050
0.5207824,0.425,0.28343904,0.249794824883728,0.47965297,5100
0.5241546,0.4661215,0.29187655,0.250950006271962,0.47877097,5150
0.52392346,0.47196263,0.29781407,0.2511593398816204,0.47938174,5200
0.5177305,0.45957947,0.28312653,0.248190563472985,0.47938177,5250
0.5140845,0.45724297,0.2778141,0.24644276838463502,0.47938183,5300
0.51282054,0.4619159,0.27281404,0.2455330489106868,0.47878942,5350
0.51501155,0.42570096,0.25125158,0.246470632818381,0.47857302,5400
0.51487416,0.41121495,0.25625157,0.24691679015600157,0.47956726,5450
0.5147392,0.4509346,0.2593766,0.24594946742399998,0.47781375,5500
0.5156951,0.4313084,0.26375157,0.246994148414184,0.47895384,5550
0.51555556,0.41962618,0.26156408,0.2472203672867656,0.47952226,5600
0.51655626,0.42266357,0.27687657,0.247906248511086,0.4799211,5650
0.51746726,0.41658878,0.26812655,0.248833575748495,0.48086825,5700
0.5194805,0.43785048,0.28062654,0.25004056205205,0.4813281,5750
0.5203426,0.47546726,0.29187655,0.24940067648833997,0.4793009,5800
0.5190678,0.47850466,0.2959391,0.24873709251423598,0.47919962,5850
0.5168067,0.47079438,0.29125154,0.24757084900498497,0.47903955,5900
0.5177453,0.47266352,0.28156406,0.24790033272974998,0.4788075,5950
0.5165289,0.46285045,0.2671891,0.24767919226056598,0.47950694,6000
0.5154004,0.47009343,0.27750158,0.247318165040548,0.47985637,6050
0.5122449,0.4079439,0.23968905,0.245804008999707,0.47985643,6100
0.51214576,0.41869158,0.24437654,0.24603285134282402,0.48039615,6150
0.51307845,0.38037384,0.23062658,0.24656120367460796,0.48055264,6200
0.5139442,0.43668222,0.24781406,0.246353072310114,0.47933817,6250
0.51287127,0.45700938,0.26000154,0.2457013829228556,0.47907028,6300
0.5137795,0.47102803,0.2568766,0.24615651604816996,0.47910926,6350
0.5146771,0.4600467,0.26031405,0.24680887414652,0.4795412,6400
0.5135659,0.43948597,0.25125158,0.24605593470561202,0.47911268,6450
0.5163148,0.48574764,0.2700016,0.24738209599732797,0.47913036,6500
0.5190114,0.50023365,0.28000158,0.24825008661230402,0.47831336,6550
0.51789075,0.5245327,0.28843904,0.24725950685523748,0.47743565,6600
0.5168539,0.53621495,0.28468907,0.246710208042035,0.47733065,6650
0.51486987,0.50443923,0.25750154,0.24567016876789738,0.47715002,6700
0.5120148,0.43504673,0.22593904,0.24430788742074,0.47715005,6750
0.51282054,0.4504673,0.22312659,0.24424616679119998,0.47628,6800
0.51272726,0.41845793,0.21187657,0.2445397907298632,0.47693932,6850
0.50994575,0.41845793,0.21187657,0.243213209838635,0.47693938,6900
0.51166964,0.41892523,0.21593904,0.24387222430153083,0.47662047,6950
0.51067615,0.38411218,0.21250159,0.24312025024647999,0.4760752,7000
0.5097345,0.39766353,0.22812659,0.242750570386335,0.47622943,7050
0.5105634,0.40046728,0.21687657,0.24233389386614398,0.47464016,7100
0.51313484,0.43948597,0.22687656,0.24362041222499198,0.4747688,7150
0.5121951,0.45023364,0.23156404,0.243384073715595,0.47517845,7200
0.51122624,0.43761683,0.23406404,0.24330911089712642,0.47593236,7250
0.5119863,0.45397198,0.25843906,0.24371576972463,0.4760201,7300
0.51107323,0.45911217,0.26750153,0.24336619308032423,0.47618654,7350
0.5076142,0.43341124,0.25562656,0.24171906478129399,0.47618657,7400
0.5084175,0.38434577,0.22218907,0.2419416118866,0.47587192,7450
0.51252085,0.41378504,0.25468904,0.24392512443428502,0.4759321,7500
0.5115894,0.37873834,0.23437655,0.243757011649788,0.47647002,7550
0.5123153,0.4109813,0.25406408,0.24417982074906,0.4766202,7600
0.5122349,0.36799067,0.24187654,0.24431064044896003,0.4769504,7650
0.50970876,0.3724299,0.23593909,0.24322290255311402,0.47718015,7700
0.511254,0.39205605,0.24593908,0.24400624770539997,0.4772701,7750
0.51277953,0.40560746,0.26531404,0.2447824567921482,0.47736394,7800
0.5126984,0.40607476,0.27468908,0.244931288711368,0.47772977,7850
0.5126183,0.42640185,0.29156405,0.24506471380401,0.4780647,7900
0.514867,0.4614486,0.31375158,0.24655532823996,0.47887188,7950
0.5140187,0.482243,0.32093906,0.24588644794883002,0.4783609,8000
0.5131783,0.4453271,0.31187654,0.245593858457379,0.47857413,8050
0.51384616,0.5126168,0.33968908,0.24565834921893923,0.47807762,8100
0.5130168,0.5266355,0.34750158,0.24520828154976002,0.4779732,8150
0.5152439,0.46682245,0.32656407,0.24662942749106,0.4786654,8200
0.5151515,0.5102804,0.32687658,0.246224371242955,0.47796497,8250
0.5135542,0.5175234,0.32125157,0.24542251934883996,0.4778902,8300
0.51420027,0.45724297,0.29031408,0.2461684686499215,0.47874045,8350
0.51636904,0.4834112,0.2906266,0.24691034041932716,0.47816643,8400
0.5185185,0.4691589,0.30187654,0.24835641335234998,0.4789731,8450
0.51911765,0.49929905,0.29781407,0.2472438852390505,0.47627717,8500
0.51970804,0.50934577,0.31312656,0.24790798500715802,0.47701395,8550
0.52034885,0.54135513,0.32218903,0.2479435472284225,0.47649485,8600
0.51878613,0.50677574,0.30843908,0.2473068682143609,0.47670293,8650
0.52011496,0.513785,0.31093907,0.2481491515252728,0.47710443,8700
0.52217454,0.50443923,0.30500156,0.249071877182238,0.4769897,8750
0.52279204,0.48457944,0.30281407,0.249373214618508,0.4770027,8800
0.523338,0.46285045,0.28656405,0.2495693207724,0.4768798,8850
0.5225352,0.43621492,0.27093905,0.249195176654688,0.47689644,8900
0.52240896,0.38831776,0.24656409,0.249441501929472,0.4774832,8950
0.5216178,0.42943925,0.24187654,0.24834786805224002,0.4761108,9000
0.5222222,0.43107474,0.24343908,0.24879595163516,0.4764178,9050
0.5227586,0.47102803,0.26843905,0.24896494900167798,0.47625223,9100
0.5219178,0.47429907,0.26843905,0.248690616686352,0.47649384,9150
0.52244896,0.48364484,0.28968906,0.2492847135905984,0.47714654,9200
0.5230352,0.4834112,0.27625155,0.24951673516796802,0.47705534,9250
0.5229111,0.4432243,0.26593906,0.24954187293159297,0.47721663,9300
0.52342707,0.36168224,0.24875158,0.24963392171843488,0.47692207,9350
0.52526593,0.4443925,0.27875155,0.250015131882726,0.4759782,9400
0.5245033,0.47242993,0.28343904,0.24940548370620202,0.47550794,9450
0.52700925,0.47897196,0.3090641,0.250728708658725,0.4757577,9500
0.52555704,0.47593457,0.3090641,0.2501591439230328,0.47598857,9550
0.52610964,0.48621494,0.30218905,0.25026385829394604,0.47568765,9600
0.52658886,0.46471965,0.29406404,0.250314198907101,0.47535035,9650
0.5271318,0.49042058,0.29968905,0.250608120045894,0.47541833,9700
0.52895755,0.48107475,0.29031408,0.251434798187661,0.47534022,9750
0.52820516,0.4864486,0.29687655,0.2511140045514968,0.47540998,9800
0.52618134,0.46168226,0.27843904,0.25015186032577325,0.47540998,9850
0.5260483,0.4635514,0.27687657,0.25007502395444503,0.47538415,9900
0.5253165,0.48200935,0.2778141,0.24962619826799998,0.475192,9950
0.52644837,0.46121496,0.25406408,0.250167317816934,0.4751982,10000
0.52565706,0.5,0.26125157,0.2496872401708356,0.47500026,10050
0.52238804,0.43294394,0.23781407,0.248134475716412,0.4750003,10100
0.5247525,0.42196262,0.26031405,0.24971113851149998,0.4758646,10150
0.5265105,0.41822428,0.27437657,0.25090368222735,0.4765407,10200
0.5239264,0.38574767,0.26000154,0.24967225340448,0.4765407,10250
0.5232274,0.3953271,0.26093906,0.24913245047080998,0.47614565,10300
0.5237515,0.4436916,0.29031408,0.24923746917955003,0.4758697,10350
0.5242131,0.4453271,0.28125155,0.249372931524948,0.47570908,10400
0.52466905,0.40303737,0.2725016,0.249406448753618,0.47535956,10450
0.52751195,0.45724297,0.29468906,0.250248314103998,0.47439364,10500
0.5285714,0.48457944,0.3012516,0.2504392436056,0.473804,10550
0.53017753,0.46682245,0.31437653,0.25144183632454103,0.4742597,10600
0.5300353,0.4670561,0.31968904,0.251514354089434,0.47452378,10650
0.5327869,0.5018692,0.36156404,0.253099495123663,0.47504827,10700
0.5320887,0.4801402,0.34718907,0.252834465852111,0.47517353,10750
0.53077817,0.4834112,0.34875154,0.25234059370217105,0.4754163,10800
0.53063583,0.45584112,0.32531404,0.2524405401920094,0.47573218,10850
0.5316456,0.48060745,0.34375155,0.252961054201752,0.47580767,10900
0.5303551,0.49088782,0.33875155,0.25218151648756,0.4754956,10950
0.5296804,0.4943925,0.33437657,0.25196154016079203,0.47568598,11000
0.5295454,0.51401865,0.35031408,0.25194647495752004,0.4757788,11050
0.5294118,0.49228972,0.35093904,0.252126620337852,0.47623914,11100
0.5304054,0.49112147,0.35156405,0.252749491951236,0.47652134,11150
0.53198653,0.4448598,0.34687656,0.25363636699900477,0.47677216,11200
0.53243846,0.38574767,0.31281406,0.2537672727650564,0.47661334,11250
0.53177255,0.38387853,0.29375154,0.253593937724161,0.47688422,11300
0.53333336,0.3558411,0.2856266,0.25440646605365597,0.4770121,11350
0.5348066,0.42570096,0.28000158,0.254974362527604,0.47675994,11400
0.5352423,0.41845793,0.28062654,0.25520067044611794,0.47679466,11450
0.5355969,0.48364484,0.28437656,0.25479620860412705,0.47572383,11500
0.53544164,0.5009346,0.29281408,0.25485106253812084,0.47596422,11550
0.53528774,0.47383177,0.27875155,0.254648475420924,0.4757226,11600
0.5345572,0.49719626,0.26437658,0.25423174260318,0.47559315,11650
0.5338346,0.478271,0.25343907,0.25407517200525204,0.47594362,11700
0.5331197,0.48878503,0.25562656,0.253766080757779,0.47600207,11750
0.5314164,0.47126168,0.24843907,0.252955306431948,0.47600207,11800
0.53072035,0.49205607,0.26750153,0.25270303598725696,0.47615102,11850
0.5289779,0.4787383,0.26593906,0.25195217377,0.4763,11900
0.52780694,0.45257008,0.25531405,0.25145657895497675,0.47641772,11950
0.5282427,0.4488318,0.25312656,0.25157651029972494,0.47625175,12000
0.52708334,0.44065422,0.25218904,0.251033850570965,0.47626975,12050
0.52751815,0.45070094,0.2725016,0.25137701072775503,0.4765277,12100
0.5279503,0.45677572,0.27437657,0.25158531794966,0.4765322,12150
0.5283213,0.40257007,0.27406406,0.252035744846769,0.47705013,12200
0.5297131,0.41775703,0.28093904,0.25268036339242206,0.47701362,12250
0.5300714,0.4301402,0.29375154,0.25295909389522797,0.47721702,12300
0.5294118,0.40163553,0.29250157,0.25282902273762,0.4775659,12350
0.52929294,0.47803736,0.32312655,0.25246806401626926,0.47699118,12400
0.52917504,0.4600467,0.30343908,0.25221215313830403,0.47661385,12450
0.5305918,0.3906542,0.28375155,0.253036862980572,0.47689554,12500
0.531,0.4462617,0.29937655,0.25292688642,0.47632182,12550
0.5308765,0.45210278,0.29718906,0.25291574400246,0.47641164,12600
0.53128105,0.40257007,0.2750016,0.25330043880040803,0.47677296,12650
0.5335968,0.39813083,0.27812654,0.254592623990496,0.47712547,12700
0.53399014,0.46892524,0.29468906,0.25436513520872,0.476348,12750
0.53287536,0.48037386,0.30218905,0.2538527306503584,0.47638294,12800
0.53176934,0.47126168,0.29781407,0.253411249064757,0.47654355,12850
0.53216374,0.44556075,0.29281408,0.2537613428108176,0.47684824,12900
0.53106797,0.44813085,0.28375155,0.253287929359379,0.4769407,12950
0.531401,0.511215,0.28875154,0.25277547792146,0.47567746,13000
0.53082854,0.45887852,0.25843906,0.25257140430324,0.475806,13050
0.5292426,0.4651869,0.25593907,0.25178486474469003,0.47574565,13100
0.52862597,0.44929904,0.23562658,0.2516827625804765,0.47610745,13150
0.52901995,0.45700938,0.24343908,0.2519791058953475,0.47631305,13200
0.52891,0.47523367,0.25406408,0.2518461452588,0.47616068,13250
0.5273585,0.42056078,0.22812659,0.251250554522945,0.47643217,13300
0.52725565,0.43855143,0.23125154,0.251169659779992,0.47637168,13350
0.5267104,0.41822428,0.22187656,0.251029829011136,0.47659934,13400
0.5275444,0.41682243,0.23437655,0.251499523138168,0.47673622,13450
0.527881,0.42476636,0.23843908,0.25146916356832,0.47637472,13500
0.5277778,0.45934582,0.25718904,0.251439487253592,0.47641164,13550
0.5262673,0.46285045,0.25812656,0.250464738347005,0.47592685,13600
0.5266055,0.48364484,0.27531403,0.25082337924632,0.47630224,13650
0.5265082,0.49252337,0.28500158,0.25091632804776,0.4765668,13700
0.52597994,0.4873832,0.25875157,0.25048949392736425,0.47623393,13750
0.5263158,0.49719626,0.26250154,0.250721547119694,0.47637093,13800
0.52755195,0.5264019,0.28468907,0.251382313100079,0.47650722,13850
0.527027,0.48060745,0.2725016,0.25120311373941,0.47664183,13900
0.5278276,0.4313084,0.2725016,0.251657674797656,0.47678006,13950
0.52862257,0.44672894,0.29468906,0.25215923535368023,0.47701186,14000
0.5289403,0.5130841,0.31812656,0.25196956107621904,0.47636673,14050
0.5288376,0.5046729,0.3090641,0.25175125681814403,0.47604644,14100
0.5283186,0.5126168,0.31093907,0.25154046307086,0.4761151,14150
0.52691966,0.5126168,0.31093907,0.25087440661286603,0.4761151,14200
0.52636206,0.47056073,0.2621891,0.2506246472678382,0.47614497,14250
0.5258545,0.41565418,0.22937655,0.250324752516625,0.47603425,14300
0.5253054,0.4313084,0.24656409,0.250161709786938,0.47622147,14350
0.5256745,0.45817757,0.26531404,0.25039444522033505,0.47632983,14400
0.5243056,0.40443927,0.23312658,0.24974239731604803,0.47632983,14450
0.5242215,0.38551402,0.23468906,0.24986144444481,0.47663334,14500
0.525453,0.34789717,0.23187655,0.25062969443349,0.47697833,14550
0.5258176,0.36822432,0.24125159,0.25084544003903997,0.4770579,14600
0.5265866,0.4088785,0.24468905,0.250829537562198,0.47633103,14650
0.52820516,0.42289722,0.26781404,0.2517227081778808,0.47656238,14700
0.5294118,0.34672898,0.23906404,0.25253667095342397,0.47701368,14750
0.5297619,0.3714953,0.24531406,0.25266075743127303,0.47693267,14800
0.5300593,0.4453271,0.26906407,0.25245017668054004,0.4762678,14850
0.53035414,0.39742988,0.26937658,0.25275637757577324,0.47658038,14900
0.52901596,0.38621497,0.25843906,0.25211862724286477,0.47658038,14950
0.5293132,0.42383176,0.26843905,0.252115757025756,0.47630733,15000
0.529608,0.46752334,0.26906407,0.2518001110896,0.4754462,15050
0.5299501,0.45654207,0.27312654,0.252071104233064,0.47565064,15100
0.5294606,0.45163554,0.27156407,0.25190099314745995,0.4757691,15150
0.5293631,0.44929904,0.26531404,0.252066747922535,0.47616985,15200
0.5280066,0.4626168,0.26093906,0.25133621046335997,0.4760096,15250
0.5283484,0.43995327,0.25468904,0.251550815491456,0.47610784,15300
0.5266175,0.37733644,0.22812659,0.2507267204312,0.47610784,15350
0.5277325,0.44813085,0.27125156,0.25127199832470004,0.47613516,15400
0.52721363,0.45630842,0.26281404,0.25095189535365797,0.4759966,15450
0.5263158,0.47686917,0.27093905,0.25041453132408,0.4757876,15500
0.52584815,0.49112147,0.27906406,0.25022326463305,0.475847,15550
0.5253419,0.45584112,0.24781406,0.25013957565287503,0.47614625,15600
0.525641,0.44158876,0.25906408,0.2505212890615,0.4766015,15650
0.5263578,0.460514,0.26906407,0.250769525352246,0.47642407,15700
0.5274463,0.48668224,0.2778141,0.25104782424155003,0.4759685,15750
0.5293186,0.5084112,0.3062516,0.251952805865932,0.47599462,15800
0.5288538,0.503271,0.29781407,0.251735646317892,0.47600234,15850
0.5279748,0.4964953,0.29937655,0.25141444570146,0.47618645,15900
0.52710134,0.47196263,0.28343904,0.2510327932849832,0.47625148,15950
0.52742946,0.49719626,0.30593908,0.251220559007952,0.4763112,16000
0.5285379,0.42523366,0.29156405,0.251959170174525,0.47670975,16050
0.52844894,0.39042056,0.2881266,0.25202734001585997,0.476919,16100
0.52836055,0.43878508,0.30687654,0.252002568207545,0.4769519,16150
0.5294118,0.33738315,0.28218907,0.25278209038155003,0.47747725,16200
0.5305019,0.3593458,0.29531407,0.253423505629842,0.47770518,16250
0.5307692,0.42570096,0.32875156,0.253575431146128,0.47775084,16300
0.529908,0.432243,0.28531408,0.25311308916024,0.47765478,16350
0.5302219,0.4614486,0.31093907,0.253374053461542,0.47786418,16400
0.529771,0.4130841,0.29750156,0.2531731638007,0.4778917,16450
0.5296804,0.41682243,0.30562657,0.2532648293786,0.4781465,16500
0.5311077,0.4275701,0.31187654,0.253881611099868,0.47802284,16550
0.5314156,0.4488318,0.32093906,0.25403584090316,0.4780361,16600
0.5298113,0.4488318,0.32093906,0.25326892758793,0.4780361,16650
0.5282167,0.41658878,0.28937656,0.25250665122287,0.4780361,16700
0.5285285,0.41542053,0.29562658,0.252739818189625,0.47819525,16750
0.5284431,0.41004676,0.28781408,0.252682899791742,0.47816482,16800
0.5287099,0.39042056,0.24375159,0.25276843115446995,0.4780853,16850
0.527881,0.38177568,0.23343909,0.25237858639750005,0.4780975,16900
0.52705705,0.42897195,0.23281407,0.2517026455466315,0.47756243,16950
0.5273669,0.41074765,0.22218907,0.251981083562958,0.47780982,17000
0.5272861,0.39205605,0.22468907,0.25206699514201697,0.47804597,17050
0.5268185,0.40186918,0.23250157,0.25179495666714996,0.4779539,17100
0.52639294,0.40327102,0.24187654,0.25166980165206765,0.47810254,17150
0.5270468,0.42289722,0.25343907,0.252003648494444,0.47814283,17200
0.5258935,0.42289722,0.25343907,0.251452206368605,0.47814283,17250
0.52509093,0.4327103,0.26125157,0.25104589486936046,0.47809985,17300
0.5246377,0.45023364,0.2828141,0.25098662321623,0.4783999,17350
0.525289,0.41892523,0.28343904,0.25139363957662003,0.47858158,17400
0.5262779,0.46495324,0.30531406,0.251704841621777,0.47827363,17450
0.52582496,0.47803736,0.28218907,0.2513977757289344,0.47810164,17500
0.52503574,0.4448598,0.27031404,0.251108265830486,0.4782689,17550
0.52530295,0.43878508,0.26406407,0.25132006000496,0.4784288,17600
0.52489334,0.45350468,0.26906407,0.25103929426511495,0.47826725,17650
0.5251595,0.4939252,0.28906405,0.25111903668365,0.4781767,17700
0.5247525,0.47990656,0.26750153,0.250830015792,0.4779968,17750
0.5243129,0.43878508,0.2568766,0.250611368314095,0.47798055,17800
0.5246132,0.41331774,0.27031404,0.25097504406424404,0.47840017,17850
0.5245442,0.42570096,0.2671891,0.25102062691,0.47855,17900
0.524109,0.4614486,0.29250157,0.25077004014825005,0.47846925,17950
0.5236769,0.4600467,0.3012516,0.250691599662594,0.47871426,18000
0.5222222,0.4600467,0.3012516,0.24999523491745998,0.4787143,18050
0.52182955,0.45981306,0.30093908,0.24983941244784497,0.4787759,18100
0.520387,0.44065422,0.2934391,0.24914876468104002,0.47877592,18150
0.52,0.38574767,0.25093907,0.24900000320000001,0.47884616,18200
0.52027494,0.39813083,0.25250155,0.24911034670168797,0.4788052,18250
0.5205761,0.4098131,0.26500154,0.249120261070725,0.47854725,18300
0.5215311,0.41845793,0.26687658,0.249659101924065,0.47870415,18350
0.5217984,0.49462616,0.29906404,0.24954505988140802,0.47824037,18400
0.521414,0.42850465,0.26531404,0.24934573307324004,0.47821066,18450
0.520678,0.3801402,0.24406403,0.24908311837227998,0.47838226,18500
0.52129817,0.42429906,0.25062656,0.24913934270457,0.477921,18550
0.52088946,0.43925232,0.25062656,0.24872972810660524,0.47750962,18600
0.5205111,0.44556075,0.24875158,0.24855263868315,0.4775165,18650
0.5197854,0.45303738,0.2568766,0.24820847518052397,0.47752106,18700
0.5197324,0.50163555,0.27468908,0.24791503142186,0.47700515,18750
0.5193592,0.45443922,0.24312657,0.2477443360646,0.47701925,18800
0.51965356,0.39392525,0.21468908,0.24799220021763116,0.47722602,18850
0.5192563,0.4443925,0.22375154,0.247746132708612,0.47711724,18900
0.518224,0.3890187,0.19500154,0.2472536356752,0.4771173,18950
0.51849407,0.36074764,0.18968904,0.247538090814818,0.4774174,19000
0.51876235,0.42126167,0.22312659,0.24753730141190303,0.47716898,19050
0.51871306,0.4448598,0.23718905,0.24746494491827978,0.47707483,19100
0.5183246,0.4600467,0.24625158,0.24724993079673002,0.47701755,19150
0.517624,0.44205606,0.22125155,0.24691168965776,0.47700974,19200
0.5188802,0.44649535,0.24656409,0.24769623254538,0.4773669,19250
0.5185185,0.41775703,0.23593909,0.24758695263908997,0.47748914,19300
0.5187824,0.4457944,0.24531406,0.2475917537032,0.4772555,19350
0.51839894,0.45584112,0.2543766,0.2472712244383668,0.47699022,19400
0.5186615,0.4436916,0.24593908,0.24721493146553,0.47664022,19450
0.5182809,0.45841122,0.2515641,0.24701197726078503,0.47659865,19500
0.5185422,0.5074766,0.27531403,0.24689379325505398,0.47613057,19550
0.5188018,0.4792056,0.26656407,0.24693481906852,0.4759714,19600
0.5197201,0.4271028,0.25531405,0.247331167943702,0.47589302,19650
0.51873016,0.41518694,0.24375159,0.24686009353129285,0.47589308,19700
0.5183544,0.4483645,0.25281405,0.246568006327608,0.47567457,19750
0.51800376,0.43995327,0.23406404,0.24645756424539603,0.47578335,19800
0.51763225,0.49228972,0.24375159,0.24604570258140998,0.47532916,19850
0.51728475,0.4609813,0.22968906,0.24563661042014248,0.47485763,19900
0.5169173,0.47149533,0.22937655,0.24546725180361503,0.47486755,19950

